Date,Time,Currency,Impact,Event,Actual,Forecast,Previous
2020-01-01,All Day,,,Indonesia - New Year's Day,,,
2020-01-02,11:00:00,,,Core Inflation (YoY),3.02%,3.11%,3.08%
2020-01-02,11:00:00,,,Inflation (MoM),0.34%,,0.14%
2020-01-02,11:00:00,,,Inflation (YoY),2.72%,,3.00%
2020-01-07,10:00:00,,,Consumer Confidence,126.4,,124.2
2020-01-08,10:00:00,,,FX Reserves (USD),129.20B,,126.60B
2020-01-10,10:00:00,,,Retail Sales (YoY) (Nov),1.30%,,3.60%
2020-01-15,11:00:00,,,Export Growth (YoY) (Dec),1.28%,-3.03%,-5.67%
2020-01-15,11:00:00,,,Import Growth (YoY) (Dec),-5.62%,-6.30%,-9.24%
2020-01-15,11:00:00,,,Trade Balance (Dec),-0.03B,-0.47B,-1.33B
2020-01-16,11:10:00,,,Loans (YoY) (Dec),6.08%,,7.05%
2020-01-23,14:30:00,,,Interest Rate Decision,5.00%,,5.00%
2020-01-23,14:30:00,,,Deposit Facility Rate,4.25%,4.25%,4.25%
2020-01-23,14:30:00,,,Lending Facility Rate,5.75%,5.75%,5.75%
2020-01-23,17:30:00,,,Motorbike Sales (YoY),-6.80%,,-8.30%
2020-01-28,16:30:00,,,Car Sales (YoY),-1.40%,,-9.90%
2020-01-29,11:00:00,,,Foreign Direct Investment (YoY) (Q4),6.40%,,17.80%
2020-01-31,11:00:00,,,M2 Money Supply (YoY) (Dec),6.50%,,7.10%
2020-02-03,11:00:00,,,Core Inflation (YoY),2.88%,3.00%,3.02%
2020-02-03,11:00:00,,,Inflation (MoM),0.39%,0.46%,0.34%
2020-02-03,11:00:00,,,Inflation (YoY),2.68%,2.86%,2.72%
2020-02-05,11:00:00,,,GDP (QoQ) (Q4),-1.74%,-1.67%,3.06%
2020-02-05,11:00:00,,,GDP (YoY) (Q4),4.97%,5.04%,5.02%
2020-02-05,11:00:00,,,GDP Annual,5.02%,5.03%,5.17%
2020-02-06,10:00:00,,,Consumer Confidence,121.7,,126.4
2020-02-07,11:00:00,,,FX Reserves (USD) (Jan),131.70B,,129.20B
2020-02-11,10:00:00,,,Retail Sales (YoY) (Dec),-0.50%,,1.30%
2020-02-17,11:05:00,,,Export Growth (YoY) (Jan),-3.71%,1.19%,1.28%
2020-02-17,11:17:00,,,Import Growth (YoY) (Jan),-4.78%,-5.66%,-5.62%
2020-02-17,11:17:00,,,Trade Balance (Jan),-0.87B,-0.27B,-0.03B
2020-02-17,16:30:00,,,Car Sales (YoY),-2.40%,,-1.40%
2020-02-20,14:24:00,,,Deposit Facility Rate (Feb),4.00%,4.25%,4.25%
2020-02-20,14:24:00,,,Lending Facility Rate (Feb),5.50%,5.75%,5.75%
2020-02-20,14:30:00,,,Interest Rate Decision,4.75%,,5.00%
2020-02-26,21:04:00,,,Loans (YoY) (Jan),6.10%,,6.08%
2020-02-28,10:00:00,,,M2 Money Supply (YoY) (Jan),7.10%,,6.50%
2020-03-02,11:01:00,,,Inflation (MoM) (Feb),0.28%,0.18%,0.39%
2020-03-02,11:02:00,,,Inflation (YoY) (Feb),2.98%,2.86%,2.68%
2020-03-02,11:11:00,,,Core Inflation (YoY) (Feb),2.76%,2.85%,2.88%
2020-03-06,10:02:00,,,FX Reserves (USD) (Feb),130.40B,,131.70B
2020-03-09,10:06:00,,,Consumer Confidence (Feb),117.7,,121.7
2020-03-10,10:07:00,,,Retail Sales (YoY) (Jan),-0.30%,,-0.50%
2020-03-16,11:04:00,,,Export Growth (YoY) (Feb),11.00%,-6.00%,-3.71%
2020-03-16,11:28:00,,,Import Growth (YoY) (Feb),-5.11%,-3.08%,-4.78%
2020-03-16,11:29:00,,,Trade Balance (Feb),2.34B,0.09B,-0.87B
2020-03-17,11:00:00,,,Car Sales (YoY) (Feb),-2.70%,,-2.40%
2020-03-19,14:25:00,,,Deposit Facility Rate (Mar),3.75%,3.75%,4.00%
2020-03-19,14:25:00,,,Lending Facility Rate (Mar),5.25%,5.25%,5.50%
2020-03-19,14:30:00,,,Interest Rate Decision,4.50%,,4.75%
2020-03-25,All Day,,,Indonesia - Hindu Saka New Year,,,
2020-03-27,09:11:00,,,Loans (YoY) (Feb),5.93%,,6.10%
2020-03-31,17:00:00,,,M2 Money Supply (YoY) (Feb),7.90%,,7.10%
2020-04-01,11:09:00,,,Inflation (MoM) (Mar),0.10%,0.14%,0.28%
2020-04-01,11:09:00,,,Inflation (YoY) (Mar),2.96%,2.96%,2.98%
2020-04-01,11:17:00,,,Core Inflation (YoY) (Mar),2.87%,2.79%,2.76%
2020-04-06,10:00:00,,,Consumer Confidence (Mar),113.8,,117.7
2020-04-07,10:01:00,,,FX Reserves (USD) (Mar),121.00B,,130.40B
2020-04-08,10:11:00,,,Retail Sales (YoY) (Feb),-0.80%,,-0.30%
2020-04-10,All Day,,,Indonesia - Good Friday,,,
2020-04-14,15:06:00,,,Deposit Facility Rate (Apr),3.75%,3.75%,3.75%
2020-04-14,15:06:00,,,Lending Facility Rate (Apr),5.25%,5.25%,5.25%
2020-04-14,15:30:00,,,Interest Rate Decision,4.50%,4.50%,4.50%
2020-04-15,11:05:00,,,Export Growth (YoY) (Mar),-0.20%,-6.73%,11.00%
2020-04-15,11:20:00,,,Import Growth (YoY) (Mar),-0.75%,-7.88%,-5.11%
2020-04-15,11:20:00,,,Trade Balance (Mar),0.74B,0.76B,2.34B
2020-04-15,16:20:00,,,Car Sales (YoY) (Mar),-15.00%,,-2.70%
2020-04-15,17:30:00,,,Motorbike Sales (YoY) (Feb),-6.80%,,-18.70%
2020-04-15,17:31:00,,,Motorbike Sales (YoY),2.60%,,-6.80%
2020-04-15,17:35:00,,,Motorbike Sales (YoY),-3.20%,,2.60%
2020-04-20,11:00:00,,,Foreign Direct Investment (YoY) (Q4),-9.20%,,17.80%
2020-04-30,17:00:00,,,M2 Money Supply (YoY) (Mar),12.10%,,7.90%
2020-05-01,All Day,,,Indonesia - Labor Day,,,
2020-05-01,02:31:00,,,Loans (YoY) (Mar),7.95%,,5.93%
2020-05-04,11:04:00,,,Inflation (MoM) (Apr),0.08%,0.17%,0.10%
2020-05-04,11:05:00,,,Inflation (YoY) (Apr),2.67%,2.77%,2.96%
2020-05-04,11:14:00,,,Core Inflation (YoY) (Apr),2.85%,2.90%,2.87%
2020-05-05,11:11:00,,,GDP (QoQ) (Q1),-2.41%,-1.27%,-1.74%
2020-05-05,11:11:00,,,GDP (YoY) (Q1),2.97%,4.04%,4.97%
2020-05-06,18:26:00,,,Consumer Confidence (Apr),84.8,,113.8
2020-05-07,All Day,,,Indonesia - Vesak Day,,,
2020-05-08,10:01:00,,,FX Reserves (USD) (Apr),127.90B,,121.00B
2020-05-12,13:30:00,,,Retail Sales (YoY) (Mar),-4.50%,,-0.80%
2020-05-15,09:07:00,,,Export Growth (YoY) (Apr),-7.02%,-2.70%,-0.20%
2020-05-15,09:22:00,,,Import Growth (YoY) (Apr),-18.58%,-12.73%,-0.75%
2020-05-15,09:22:00,,,Trade Balance (Apr),-0.35B,-0.20B,0.74B
2020-05-15,16:13:00,,,Car Sales (YoY) (Apr),-90.60%,,-15.00%
2020-05-19,14:20:00,,,Deposit Facility Rate (May),3.75%,3.75%,3.75%
2020-05-19,14:20:00,,,Lending Facility Rate (May),5.25%,5.25%,5.25%
2020-05-19,14:30:00,,,Interest Rate Decision,4.50%,,4.50%
2020-05-20,10:00:00,,,Balance of Payments (EUR) (Q1),-8.5B,,4.3B
2020-05-20,10:00:00,,,Current Account % of GDP (Q1),-1.40%,,-2.84%
2020-05-21,All Day,,,Indonesia - Ascension Day,,,
2020-05-22,All Day,,,Indonesia - Eid al-Fitr,,,
2020-05-25,All Day,,,Indonesia - Eid al-Fitr,,,
2020-05-26,All Day,,,Indonesia - Eid al-Fitr,,,
2020-05-27,All Day,,,Indonesia - Eid al-Fitr,,,
2020-05-29,09:31:00,,,Loans (YoY) (Apr),5.73%,,7.95%
2020-06-01,All Day,,,Indonesia - Pancasila Day,,,
2020-06-02,11:00:00,,,Inflation (MoM) (May),0.07%,0.04%,0.08%
2020-06-02,11:00:00,,,Inflation (YoY) (May),2.19%,2.15%,2.67%
2020-06-02,11:17:00,,,Core Inflation (YoY) (May),2.65%,2.70%,2.85%
2020-06-03,10:00:00,,,M2 Money Supply (YoY) (Apr),8.60%,,12.10%
2020-06-04,08:00:00,,,Motorbike Sales (YoY),-79.30%,,-3.20%
2020-06-08,10:03:00,,,FX Reserves (USD) (May),130.50B,,127.90B
2020-06-12,11:23:00,,,Consumer Confidence (May),77.8,,84.8
2020-06-15,16:56:00,,,Trade Balance (May),2.09B,0.42B,-0.35B
2020-06-15,16:57:00,,,Car Sales (YoY) (May),-95.80%,,-90.60%
2020-06-15,16:57:00,,,Export Growth (YoY) (May),-28.95%,-17.98%,-7.02%
2020-06-15,16:57:00,,,Import Growth (YoY) (May),-42.20%,-24.55%,-18.58%
2020-06-16,10:06:00,,,Retail Sales (YoY) (Apr),-16.90%,,-4.50%
2020-06-18,14:22:00,,,Deposit Facility Rate (Jun),3.50%,3.50%,3.75%
2020-06-18,14:22:00,,,Lending Facility Rate (Jun),5.00%,5.00%,5.25%
2020-06-18,14:30:00,,,Interest Rate Decision,4.25%,4.25%,4.50%
2020-06-24,18:16:00,,,Loans (YoY) (May),3.04%,,5.73%
2020-06-30,10:00:00,,,M2 Money Supply (YoY) (May),10.40%,,8.60%
2020-07-01,07:30:00,,,Motorbike Sales (YoY),-96.10%,,-79.30%
2020-07-01,11:02:00,,,Inflation (MoM) (Jun),0.18%,0.02%,0.07%
2020-07-01,11:02:00,,,Inflation (YoY) (Jun),1.96%,1.84%,2.19%
2020-07-01,11:11:00,,,Core Inflation (YoY) (Jun),2.26%,2.46%,2.65%
2020-07-06,11:53:00,,,Consumer Confidence (Jun),83.8,,77.8
2020-07-07,10:04:00,,,FX Reserves (USD) (Jun),131.70B,,130.50B
2020-07-08,10:01:00,,,Retail Sales (YoY) (May),-20.60%,,-16.90%
2020-07-15,11:31:00,,,Export Growth (YoY) (Jun),2.28%,-12.26%,-28.95%
2020-07-15,11:42:00,,,Import Growth (YoY) (Jun),-6.36%,-18.70%,-42.20%
2020-07-15,11:42:00,,,Trade Balance (Jun),1.27B,1.11B,2.09B
2020-07-15,16:17:00,,,Car Sales (YoY) (Jun),-78.80%,,-95.80%
2020-07-16,14:25:00,,,Deposit Facility Rate (Jul),3.25%,3.50%,3.50%
2020-07-16,14:25:00,,,Lending Facility Rate (Jul),4.75%,5.00%,5.00%
2020-07-16,14:30:00,,,Interest Rate Decision,4.00%,4.00%,4.25%
2020-07-22,11:20:00,,,Foreign Direct Investment (YoY) (Q2),-6.90%,,-9.20%
2020-07-30,10:00:00,,,M2 Money Supply (YoY) (Jun),8.20%,,10.40%
2020-07-30,12:00:00,,,Motorbike Sales (YoY),-56.40%,,-96.10%
2020-07-31,All Day,,,Indonesia - Eid al-Adha,,,
2020-08-03,14:58:00,,,Inflation (YoY) (Jul),1.54%,1.66%,1.96%
2020-08-03,14:59:00,,,Core Inflation (YoY) (Jul),2.07%,2.11%,2.26%
2020-08-03,14:59:00,,,Inflation (MoM) (Jul),-0.10%,0.03%,0.18%
2020-08-04,10:24:00,,,Loans (YoY) (Jun),1.49%,,3.04%
2020-08-05,11:10:00,,,GDP (YoY) (Q2),-5.32%,-4.61%,2.97%
2020-08-05,11:11:00,,,GDP (QoQ) (Q2),-4.19%,-3.49%,-2.41%
2020-08-06,10:05:00,,,Consumer Confidence (Jul),86.2,,83.8
2020-08-07,10:01:00,,,FX Reserves (USD) (Jul),135.10B,,131.70B
2020-08-11,10:03:00,,,Retail Sales (YoY) (Jun),-17.10%,,-20.60%
2020-08-14,19:30:00,,,Car Sales (YoY),-71.70%,,-78.80%
2020-08-17,All Day,,,Indonesia - Independence Day,,,
2020-08-18,10:12:00,,,Balance of Payments (EUR) (Q2),9.2B,,-8.5B
2020-08-18,10:12:00,,,Current Account % of GDP (Q2),-1.20%,,-1.40%
2020-08-18,11:07:00,,,Export Growth (YoY) (Jul),-9.90%,-16.65%,2.28%
2020-08-18,11:27:00,,,Import Growth (YoY) (Jul),-32.55%,-22.48%,-6.36%
2020-08-18,11:27:00,,,Trade Balance (Jul),3.26B,0.68B,1.27B
2020-08-19,14:30:00,,,Interest Rate Decision,4.00%,4.00%,4.00%
2020-08-19,14:42:00,,,Deposit Facility Rate (Aug),3.25%,3.25%,3.25%
2020-08-19,14:42:00,,,Lending Facility Rate (Aug),4.75%,4.75%,4.75%
2020-08-20,All Day,,,Indonesia - Al- Hijri(Islamic New year),,,
2020-08-21,All Day,,,Indonesia - Commemoration Day,,,
2020-08-24,17:44:00,,,Motorbike Sales (YoY) (May),-56.40%,,-79.30%
2020-08-26,12:00:00,,,Motorbike Sales (YoY),-44.50%,,-56.40%
2020-08-27,10:35:00,,,Loans (YoY) (Jul),1.53%,,1.49%
2020-08-31,10:00:00,,,M2 Money Supply (YoY) (Jul),10.50%,,8.20%
2020-09-01,11:01:00,,,Inflation (MoM) (Aug),-0.05%,0.01%,-0.10%
2020-09-01,11:02:00,,,Inflation (YoY) (Aug),1.32%,1.40%,1.54%
2020-09-02,02:40:00,,,Core Inflation (YoY) (Aug),2.03%,2.00%,2.07%
2020-09-07,10:01:00,,,FX Reserves (USD) (Aug),137.00B,,135.10B
2020-09-07,16:49:00,,,Motorbike Sales (YoY) (Jul),-44.50%,,-56.40%
2020-09-08,10:06:00,,,Consumer Confidence (Aug),86.9,,86.2
2020-09-09,10:27:00,,,Retail Sales (YoY) (Jul),-12.30%,,-17.10%
2020-09-15,11:08:00,,,Export Growth (YoY) (Aug),-8.36%,-5.79%,-9.90%
2020-09-15,11:20:00,,,Import Growth (YoY) (Aug),-24.19%,-20.58%,-32.55%
2020-09-15,11:20:00,,,Trade Balance (Aug),2.33B,2.16B,3.26B
2020-09-15,16:45:00,,,Car Sales (YoY),-58.80%,,-71.70%
2020-09-17,14:23:00,,,Loans (YoY) (Aug),1.04%,,1.53%
2020-09-17,14:28:00,,,Deposit Facility Rate (Sep),3.25%,3.25%,3.25%
2020-09-17,14:28:00,,,Lending Facility Rate (Sep),4.75%,4.75%,4.75%
2020-09-17,14:30:00,,,Interest Rate Decision,4.00%,4.00%,4.00%
2020-09-30,10:00:00,,,M2 Money Supply (YoY) (Aug),13.30%,,10.50%
2020-10-01,13:10:00,,,Core Inflation (YoY) (Sep),1.86%,2.00%,2.03%
2020-10-01,13:10:00,,,Inflation (MoM) (Sep),-0.05%,-0.01%,-0.05%
2020-10-01,13:10:00,,,Inflation (YoY) (Sep),1.42%,1.42%,1.32%
2020-10-01,15:19:00,,,Motorbike Sales (YoY) (Aug),-46.90%,,-44.50%
2020-10-06,10:01:00,,,Consumer Confidence (Sep),83.4,,86.9
2020-10-07,10:05:00,,,FX Reserves (USD) (Sep),135.20B,,137.00B
2020-10-08,10:03:00,,,Retail Sales (YoY) (Aug),-9.20%,,-12.30%
2020-10-13,14:20:00,,,Loans (YoY) (Sep),0.12%,,1.04%
2020-10-13,14:30:00,,,Interest Rate Decision,4.00%,,4.00%
2020-10-13,14:30:00,,,Deposit Facility Rate (Oct),3.25%,3.25%,3.25%
2020-10-13,14:30:00,,,Lending Facility Rate (Oct),4.75%,4.75%,4.75%
2020-10-15,22:27:00,,,Export Growth (YoY) (Sep),-0.51%,-7.20%,-8.36%
2020-10-15,22:27:00,,,Import Growth (YoY) (Sep),-18.88%,-22.40%,-24.19%
2020-10-15,22:27:00,,,Trade Balance (Sep),2.44B,1.98B,2.33B
2020-10-23,10:00:00,,,Foreign Direct Investment (YoY) (Q3),1.10%,,-6.90%
2020-10-27,17:00:00,,,M2 Money Supply (YoY) (Sep),12.30%,,13.30%
2020-10-28,All Day,,,Indonesia - Prophet Mohammad's Birthday,,,
2020-10-29,All Day,,,Indonesia - Prophet Mohammad's Birthday,,,
2020-10-30,All Day,,,Indonesia - Prophet Mohammad's Birthday,,,
2020-10-30,08:28:00,,,Motorbike Sales (YoY) (Sep),-33.20%,,-46.90%
2020-11-02,11:01:00,,,Inflation (MoM) (Oct),0.07%,0.08%,-0.05%
2020-11-02,11:01:00,,,Inflation (YoY) (Oct),1.44%,1.45%,1.42%
2020-11-02,11:09:00,,,Core Inflation (YoY) (Oct),1.74%,1.82%,1.86%
2020-11-05,11:11:00,,,GDP (YoY) (Q3),-3.49%,-3.00%,-5.32%
2020-11-05,11:11:00,,,GDP (QoQ) (Q3),5.05%,5.34%,-4.19%
2020-11-06,09:55:00,,,FX Reserves (USD) (Oct),133.70B,,135.20B
2020-11-09,13:30:00,,,Consumer Confidence (Oct),79,,83.4
2020-11-11,10:47:00,,,Retail Sales (YoY) (Sep),-8.70%,,-9.20%
2020-11-16,12:15:00,,,Export Growth (YoY) (Oct),-3.29%,-4.36%,-0.51%
2020-11-16,12:15:00,,,Import Growth (YoY) (Oct),-26.93%,-18.67%,-18.88%
2020-11-16,12:15:00,,,Trade Balance (Oct),3.61B,2.29B,2.44B
2020-11-16,16:15:00,,,Car Sales (YoY),-49.00%,,-47.90%
2020-11-19,14:21:00,,,Loans (YoY) (Oct),-0.47%,,0.12%
2020-11-19,14:30:00,,,Interest Rate Decision,3.75%,4.00%,4.00%
2020-11-19,17:24:00,,,Deposit Facility Rate (Nov),3.00%,3.25%,3.25%
2020-11-19,17:24:00,,,Lending Facility Rate (Nov),4.50%,4.75%,4.75%
2020-11-20,11:05:00,,,Balance of Payments (EUR) (Q3),2.1B,,9.2B
2020-11-20,11:06:00,,,Current Account % of GDP (Q3),0.40%,,-1.20%
2020-11-30,10:00:00,,,M2 Money Supply (YoY) (Oct),12.50%,,12.40%
2020-12-01,11:04:00,,,Inflation (MoM) (Nov),0.28%,0.21%,0.07%
2020-12-01,11:04:00,,,Inflation (YoY) (Nov),1.59%,1.53%,1.44%
2020-12-01,11:12:00,,,Core Inflation (YoY) (Nov),1.67%,1.70%,1.74%
2020-12-01,18:45:00,,,Motorbike Sales (YoY) (Oct),-46.90%,,-33.20%
2020-12-07,11:00:00,,,FX Reserves (USD) (Nov),133.60B,,133.70B
2020-12-08,14:44:00,,,Consumer Confidence (Nov),92,,79
2020-12-09,All Day,,,Indonesia - Regional Election Day,,,
2020-12-10,10:05:00,,,Retail Sales (YoY) (Oct),-14.90%,,-8.70%
2020-12-15,11:04:00,,,Export Growth (YoY) (Nov),9.54%,2.66%,-3.29%
2020-12-15,11:16:00,,,Import Growth (YoY) (Nov),-17.46%,-24.52%,-26.93%
2020-12-15,11:16:00,,,Trade Balance (Nov),2.62B,2.67B,3.61B
2020-12-15,17:15:00,,,Car Sales (YoY),-41.00%,,-49.00%
2020-12-17,14:28:00,,,Deposit Facility Rate (Dec),3.00%,3.00%,3.00%
2020-12-17,14:28:00,,,Lending Facility Rate (Dec),4.50%,4.50%,4.50%
2020-12-17,14:30:00,,,Interest Rate Decision,3.75%,3.75%,3.75%
2020-12-17,21:51:00,,,Loans (YoY) (Nov),-1.39%,,-0.47%
2020-12-21,15:18:00,,,Motorbike Sales (YoY) (Nov),-56.70%,,-46.90%
2020-12-24,All Day,,,Indonesia - Commemoration Day,,,
2020-12-25,All Day,,,Indonesia - Christmas,,,
2020-12-30,10:00:00,,,M2 Money Supply (YoY) (Nov),12.20%,,12.50%
2020-12-31,All Day,,,Indonesia - Market Holiday,,,
2021-01-01,All Day,,,Indonesia - New Year's Day,,,
2021-01-04,11:02:00,,,Inflation (YoY) (Dec),1.68%,1.61%,1.59%
2021-01-04,11:02:00,,,Inflation (MoM) (Dec),0.45%,0.37%,0.28%
2021-01-04,11:08:00,,,Core Inflation (YoY) (Dec),1.60%,1.70%,1.67%
2021-01-08,10:08:00,,,FX Reserves (USD) (Dec),135.90B,,133.60B
2021-01-11,10:07:00,,,Consumer Confidence (Dec),96.5,,92
2021-01-12,10:05:00,,,Retail Sales (YoY) (Nov),-16.30%,,-14.90%
2021-01-15,12:35:00,,,Export Growth (YoY) (Dec),14.63%,6.30%,-3.81%
2021-01-15,12:35:00,,,Import Growth (YoY) (Dec),-0.47%,-12.47%,-26.92%
2021-01-15,12:35:00,,,Trade Balance (Dec),2.10B,2.30B,3.58B
2021-01-15,15:00:00,,,Loans (YoY) (Nov),-2.41%,,-1.39%
2021-01-15,22:54:00,,,Car Sales (YoY) (Dec),-34.80%,,-49.00%
2021-01-19,22:24:00,,,Motorbike Sales (YoY) (Dec),-45.10%,,-56.70%
2021-01-21,14:29:00,,,Deposit Facility Rate (Jan),3.00%,3.00%,3.00%
2021-01-21,14:29:00,,,Lending Facility Rate (Jan),4.50%,4.50%,4.50%
2021-01-21,14:30:00,,,Interest Rate Decision,3.75%,3.75%,3.75%
2021-01-22,10:00:00,,,M2 Money Supply (YoY) (Nov),12.40%,,12.50%
2021-01-25,11:27:00,,,Foreign Direct Investment (YoY) (Q4),5.50%,,1.10%
2021-02-01,11:01:00,,,Inflation (MoM) (Jan),0.26%,0.36%,0.45%
2021-02-01,11:02:00,,,Inflation (YoY) (Jan),1.55%,1.66%,1.68%
2021-02-01,11:11:00,,,Core Inflation (YoY) (Jan),1.56%,1.53%,1.60%
2021-02-05,09:00:00,,,GDP (YoY) (Q4),-2.19%,-2.00%,-3.49%
2021-02-05,09:00:00,,,GDP (QoQ) (Q4),-0.42%,0.70%,5.05%
2021-02-05,09:12:00,,,GDP Annual,-2.07%,-2.00%,5.02%
2021-02-05,10:10:00,,,FX Reserves (USD) (Jan),138.00B,,135.90B
2021-02-08,21:48:00,,,Consumer Confidence (Jan),84.9,,96.5
2021-02-08,21:48:00,,,FX Reserves (USD) (Jan),138.00B,,135.90B
2021-02-09,13:43:00,,,Retail Sales (YoY) (Dec),-19.20%,,-16.30%
2021-02-12,All Day,,,Indonesia - Chinese New Year,,,
2021-02-15,11:00:00,,,Export Growth (YoY) (Jan),12.24%,13.59%,14.63%
2021-02-15,11:00:00,,,Import Growth (YoY) (Jan),-6.49%,-2.77%,-0.47%
2021-02-15,11:00:00,,,Trade Balance (Jan),1.96B,1.68B,2.10B
2021-02-15,16:32:00,,,Car Sales (YoY) (Jan),-34.22%,,-34.83%
2021-02-18,14:00:00,,,Deposit Facility Rate (Feb),2.75%,2.75%,3.00%
2021-02-18,14:00:00,,,Lending Facility Rate (Feb),4.25%,4.25%,4.50%
2021-02-18,14:25:00,,,Loans (YoY) (Jan),-1.92%,,-2.41%
2021-02-18,14:30:00,,,Interest Rate Decision,3.50%,,3.75%
2021-02-19,11:00:00,,,Balance of Payments (EUR) (Q4),-0.2B,,2.1B
2021-02-19,11:00:00,,,Current Account % of GDP (Q4),0.30%,,0.40%
2021-02-23,10:40:00,,,Motorbike Sales (YoY),-17.30%,,-45.10%
2021-02-23,11:00:00,,,M2 Money Supply (YoY) (Jan),11.80%,,12.40%
2021-02-25,17:03:00,,,Motorbike Sales (YoY) (Jan),-14.70%,,-45.10%
2021-03-01,11:06:00,,,Inflation (YoY) (Feb),1.38%,1.38%,1.55%
2021-03-01,11:06:00,,,Inflation (MoM) (Feb),0.10%,0.09%,0.26%
2021-03-01,11:17:00,,,Core Inflation (YoY) (Feb),1.53%,1.52%,1.56%
2021-03-05,10:00:00,,,FX Reserves (USD) (Feb),138.80B,,138.00B
2021-03-08,10:00:00,,,FX Reserves (USD),138.80B,,138.00B
2021-03-08,11:22:00,,,Consumer Confidence (Feb),85.8,,84.9
2021-03-09,10:03:00,,,Retail Sales (YoY) (Jan),-16.40%,,-19.20%
2021-03-11,All Day,,,Indonesia - Isra Wal Miraj,,,
2021-03-15,11:00:00,,,Export Growth (YoY) (Feb),8.56%,8.73%,12.24%
2021-03-15,11:00:00,,,Import Growth (YoY) (Feb),14.86%,12.60%,-6.49%
2021-03-15,11:00:00,,,Trade Balance (Feb),2.01B,2.21B,1.96B
2021-03-15,17:00:00,,,Car Sales (YoY),-38.20%,,-34.22%
2021-03-15,17:27:00,,,Car Sales (YoY) (Feb),-38.20%,,-34.22%
2021-03-18,14:00:00,,,Deposit Facility Rate (Mar),2.75%,2.75%,2.75%
2021-03-18,14:00:00,,,Lending Facility Rate (Mar),4.25%,4.25%,4.25%
2021-03-18,14:24:00,,,Loans (YoY) (Feb),-2.15%,,-1.92%
2021-03-18,14:30:00,,,Interest Rate Decision,3.50%,,3.50%
2021-03-22,08:40:00,,,Motorbike Sales (YoY),-30.80%,,-14.70%
2021-03-25,11:00:00,,,M2 Money Supply (YoY) (Feb),11.30%,,11.80%
2021-04-01,11:05:00,,,Inflation (YoY) (Mar),1.37%,1.40%,1.38%
2021-04-01,11:05:00,,,Inflation (MoM) (Mar),0.08%,0.14%,0.10%
2021-04-01,11:11:00,,,Core Inflation (YoY) (Mar),1.21%,1.44%,1.53%
2021-04-01,15:16:00,,,Motorbike Sales (YoY) (Feb),-30.80%,,-14.70%
2021-04-02,All Day,,,Indonesia - Good Friday,,,
2021-04-07,10:01:00,,,FX Reserves (USD) (Mar),137.10B,,138.80B
2021-04-09,11:00:00,,,Consumer Confidence (Mar),93.4,,85.8
2021-04-12,10:11:00,,,Retail Sales (YoY) (Feb),-18.10%,,-16.40%
2021-04-14,16:20:00,,,Car Sales (YoY) (Mar),10.54%,,-38.20%
2021-04-15,11:00:00,,,Export Growth (YoY) (Mar),30.47%,11.74%,8.50%
2021-04-15,11:00:00,,,Import Growth (YoY) (Mar),25.73%,6.00%,14.86%
2021-04-15,11:00:00,,,Trade Balance (Mar),1.56B,1.64B,2.01B
2021-04-20,14:00:00,,,Deposit Facility Rate (Apr),2.75%,2.75%,2.75%
2021-04-20,14:00:00,,,Lending Facility Rate (Apr),4.25%,4.25%,4.25%
2021-04-20,14:20:00,,,Loans (YoY) (Mar),-4.13%,,-2.15%
2021-04-20,14:30:00,,,Interest Rate Decision,3.50%,,3.50%
2021-04-23,11:00:00,,,M2 Money Supply (YoY) (Mar),6.90%,,11.30%
2021-04-26,15:00:00,,,Foreign Direct Investment (YoY) (Q1),14.00%,,5.50%
2021-04-26,16:48:00,,,Motorbike Sales (YoY) (Mar),-7.20%,,-30.80%
2021-05-03,11:01:00,,,Inflation (MoM) (Apr),0.13%,0.17%,0.08%
2021-05-03,11:02:00,,,Inflation (YoY) (Apr),1.42%,1.46%,1.37%
2021-05-03,11:09:00,,,Core Inflation (YoY) (Apr),1.18%,1.22%,1.21%
2021-05-05,17:53:00,,,GDP (YoY) (Q1),-0.74%,-0.74%,-2.19%
2021-05-05,17:53:00,,,GDP (QoQ) (Q1),-0.96%,-1.04%,-0.42%
2021-05-07,20:12:00,,,FX Reserves (USD) (Apr),138.80B,,137.10B
2021-05-10,11:00:00,,,Consumer Confidence (Apr),101.5,,93.4
2021-05-11,10:05:00,,,Retail Sales (YoY) (Mar),-14.60%,,-18.10%
2021-05-11,16:20:00,,,Car Sales (YoY) (Apr),902.90%,,10.54%
2021-05-12,All Day,,,Indonesia - Eid al-Fitr,,,
2021-05-13,All Day,,,Indonesia - Eid al-Fitr,,,
2021-05-14,All Day,,,Indonesia - Eid al-Fitr,,,
2021-05-17,All Day,,,Indonesia - Eid al-Fitr,,,
2021-05-18,All Day,,,Indonesia - Eid al-Fitr,,,
2021-05-19,All Day,,,Indonesia - Eid al-Fitr,,,
2021-05-20,11:00:00,,,Export Growth (YoY) (Apr),51.94%,41.00%,30.47%
2021-05-20,11:00:00,,,Import Growth (YoY) (Apr),29.93%,29.81%,25.73%
2021-05-20,11:00:00,,,Trade Balance (Apr),2.19B,1.00B,1.56B
2021-05-21,11:00:00,,,Balance of Payments (EUR) (Q1),4.1B,,-0.2B
2021-05-21,11:00:00,,,Current Account % of GDP (Q1),-0.40%,,0.30%
2021-05-24,12:40:00,,,Motorbike Sales (YoY) (Apr),282.00%,,-7.20%
2021-05-25,14:00:00,,,Deposit Facility Rate (May),2.75%,2.75%,2.75%
2021-05-25,14:00:00,,,Lending Facility Rate (May),4.25%,4.25%,4.25%
2021-05-26,All Day,,,Indonesia - Wesak Day,,,
2021-05-26,06:13:00,,,Loans (YoY) (Apr),-2.28%,,-3.80%
2021-05-27,11:00:00,,,M2 Money Supply (YoY) (Apr),11.50%,,6.90%
2021-05-28,16:30:00,,,Motorbike Sales (YoY) (Apr),282.00%,,-7.20%
2021-06-01,All Day,,,Indonesia - Pancasila Day,,,
2021-06-02,11:02:00,,,Inflation (MoM) (May),0.32%,0.32%,0.13%
2021-06-02,11:03:00,,,Inflation (YoY) (May),1.68%,1.67%,1.42%
2021-06-02,11:11:00,,,Core Inflation (YoY) (May),1.37%,1.28%,1.18%
2021-06-08,10:07:00,,,FX Reserves (USD) (May),136.40B,,138.80B
2021-06-09,11:00:00,,,Consumer Confidence (May),104.4,,101.5
2021-06-10,10:01:00,,,Retail Sales (YoY) (Apr),15.60%,,-14.60%
2021-06-15,11:00:00,,,Export Growth (YoY) (May),58.76%,57.49%,51.94%
2021-06-15,11:00:00,,,Import Growth (YoY) (May),68.68%,65.00%,29.93%
2021-06-15,11:00:00,,,Trade Balance (May),2.37B,2.30B,2.19B
2021-06-15,16:24:00,,,Car Sales (YoY) (May),1443.60%,,902.90%
2021-06-17,14:00:00,,,Deposit Facility Rate (Jun),2.75%,2.75%,2.75%
2021-06-17,14:00:00,,,Lending Facility Rate (Jun),4.25%,4.25%,4.25%
2021-06-17,14:30:00,,,Interest Rate Decision,3.50%,,3.50%
2021-06-17,20:48:00,,,Loans (YoY) (May),-1.28%,,-2.28%
2021-06-18,13:20:00,,,Motorbike Sales (YoY) (May),1065.70%,,282.00%
2021-06-18,17:00:00,,,Car Sales (YoY),1443.60%,,902.90%
2021-06-22,11:00:00,,,M2 Money Supply (YoY) (May),8.10%,,11.50%
2021-07-01,11:00:00,,,Core Inflation (YoY) (Jun),1.49%,1.43%,1.37%
2021-07-01,11:00:00,,,Inflation (YoY) (Jun),1.33%,1.41%,1.68%
2021-07-01,11:00:00,,,Inflation (MoM) (Jun),-0.16%,-0.09%,0.32%
2021-07-07,10:00:00,,,FX Reserves (USD) (Jun),137.10B,,136.40B
2021-07-08,11:00:00,,,Consumer Confidence (Jun),107.4,,104.4
2021-07-09,11:00:00,,,Retail Sales (YoY) (May),14.70%,,15.60%
2021-07-14,16:28:00,,,Car Sales (YoY) (Jun),476.10%,,1443.60%
2021-07-15,11:00:00,,,Export Growth (YoY) (Jun),54.46%,49.90%,58.76%
2021-07-15,11:00:00,,,Import Growth (YoY) (Jun),60.12%,51.35%,68.68%
2021-07-15,11:00:00,,,Trade Balance (Jun),1.32B,2.23B,2.37B
2021-07-16,15:05:00,,,Motorbike Sales (YoY) (Jul),155.10%,,1065.70%
2021-07-20,All Day,,,Indonesia - Eid al-Adha,,,
2021-07-22,14:00:00,,,Deposit Facility Rate (Jul),2.75%,2.75%,2.75%
2021-07-22,14:00:00,,,Lending Facility Rate (Jul),4.25%,4.25%,4.25%
2021-07-22,14:25:00,,,Loans (YoY) (Jun),0.59%,,-1.28%
2021-07-22,14:30:00,,,Interest Rate Decision,3.50%,,3.50%
2021-07-23,11:00:00,,,M2 Money Supply (YoY) (Jun),11.40%,,8.10%
2021-07-27,11:00:00,,,Foreign Direct Investment (YoY) (Q2),19.60%,,14.00%
2021-08-02,11:00:00,,,Core Inflation (YoY) (Jul),1.40%,1.38%,1.49%
2021-08-02,11:00:00,,,Inflation (YoY) (Jul),1.52%,1.45%,1.33%
2021-08-02,11:00:00,,,Inflation (MoM) (Jul),0.08%,0.01%,-0.16%
2021-08-05,11:00:00,,,GDP (YoY) (Q2),7.07%,6.57%,-0.74%
2021-08-05,11:00:00,,,GDP (QoQ) (Q2),3.31%,2.94%,-0.96%
2021-08-06,11:42:00,,,FX Reserves (USD) (Jul),137.30B,,137.10B
2021-08-09,11:00:00,,,Consumer Confidence (Jul),80.2,,107.4
2021-08-10,11:00:00,,,Retail Sales (YoY) (Jun),2.50%,,14.70%
2021-08-10,15:30:00,,,Retail Sales (YoY) (Jun),2.50%,,14.70%
2021-08-11,All Day,,,Indonesia - Muslim New Year,,,
2021-08-13,17:35:00,,,Car Sales (YoY) (Jul),163.55%,,476.10%
2021-08-17,All Day,,,Indonesia - Independence Day,,,
2021-08-18,11:00:00,,,Export Growth (YoY) (Jul),29.32%,30.20%,54.46%
2021-08-18,11:00:00,,,Import Growth (YoY) (Jul),44.44%,52.15%,60.12%
2021-08-18,11:00:00,,,Trade Balance (Jul),2.59B,2.27B,1.32B
2021-08-19,11:00:00,,,Motorbike Sales (YoY) (Jun),28.90%,,155.10%
2021-08-19,14:00:00,,,Deposit Facility Rate (Aug),2.75%,2.75%,2.75%
2021-08-19,14:00:00,,,Lending Facility Rate (Aug),4.25%,4.25%,4.25%
2021-08-19,14:19:00,,,Loans (YoY) (Jul),0.50%,,0.59%
2021-08-19,14:30:00,,,Interest Rate Decision,3.50%,,3.50%
2021-08-20,11:00:00,,,Balance of Payments (EUR) (Q2),-0.4B,,4.1B
2021-08-20,11:00:00,,,Current Account % of GDP (Q2),-0.80%,,-0.40%
2021-08-25,11:00:00,,,M2 Money Supply (YoY) (Jul),8.90%,,11.40%
2021-08-25,14:59:00,,,Motorbike Sales (YoY) (Jul),28.90%,,155.10%
2021-09-01,11:00:00,,,Core Inflation (YoY) (Aug),1.31%,1.30%,1.40%
2021-09-01,11:00:00,,,Inflation (YoY) (Aug),1.59%,1.60%,1.52%
2021-09-01,11:00:00,,,Inflation (MoM) (Aug),0.03%,0.03%,0.08%
2021-09-07,10:10:00,,,FX Reserves (USD) (Aug),144.80B,,137.30B
2021-09-08,11:00:00,,,Consumer Confidence (Aug),77.3,,80.2
2021-09-09,11:00:00,,,Retail Sales (YoY) (Jul),-2.90%,,2.50%
2021-09-14,12:25:00,,,Car Sales (YoY) (Aug),123.50%,,163.55%
2021-09-15,11:00:00,,,Export Growth (YoY) (Aug),64.10%,36.90%,29.32%
2021-09-15,11:00:00,,,Import Growth (YoY) (Aug),55.26%,45.10%,44.44%
2021-09-15,11:00:00,,,Trade Balance (Aug),4.74B,2.36B,2.59B
2021-09-15,17:00:00,,,Car Sales (YoY),123.50%,,163.55%
2021-09-17,08:00:00,,,Motorbike Sales (YoY) (Jul),48.20%,,28.90%
2021-09-21,14:00:00,,,Deposit Facility Rate (Sep),2.75%,2.75%,2.75%
2021-09-21,14:00:00,,,Lending Facility Rate (Sep),4.25%,4.25%,4.25%
2021-09-21,14:18:00,,,Loans (YoY) (Aug),1.16%,,0.50%
2021-09-21,14:30:00,,,Interest Rate Decision,3.50%,,3.50%
2021-09-22,11:00:00,,,M2 Money Supply (YoY) (Aug),6.90%,,8.90%
2021-10-01,11:00:00,,,Core Inflation (YoY) (Sep),1.30%,1.30%,1.31%
2021-10-01,11:00:00,,,Inflation (YoY) (Sep),1.60%,1.69%,1.59%
2021-10-01,11:00:00,,,Inflation (MoM) (Sep),-0.04%,0.01%,0.03%
2021-10-07,10:12:00,,,FX Reserves (USD) (Sep),146.90B,,144.80B
2021-10-08,11:00:00,,,Consumer Confidence (Sep),95.5,,77.3
2021-10-11,11:00:00,,,Retail Sales (YoY) (Aug),-2.10%,,-2.90%
2021-10-12,16:25:00,,,Car Sales (YoY) (Sep),73.24%,,123.50%
2021-10-14,18:46:00,,,Motorbike Sales (YoY) (Oct),22.00%,,48.20%
2021-10-15,11:00:00,,,Export Growth (YoY) (Sep),47.64%,51.57%,64.10%
2021-10-15,11:00:00,,,Import Growth (YoY) (Sep),40.31%,50.00%,55.26%
2021-10-15,11:00:00,,,Trade Balance (Sep),4.37B,3.84B,4.74B
2021-10-19,All Day,,,Indonesia - Mawlid-al-Nabi,,,
2021-10-19,14:00:00,,,Deposit Facility Rate (Oct),2.75%,2.75%,2.75%
2021-10-19,14:00:00,,,Lending Facility Rate (Oct),4.25%,4.25%,4.25%
2021-10-19,14:18:00,,,Loans (YoY) (Sep),2.21%,,1.16%
2021-10-19,14:30:00,,,Interest Rate Decision,3.50%,,3.50%
2021-10-25,11:00:00,,,M2 Money Supply (YoY) (Sep),8.00%,,6.90%
2021-10-27,11:00:00,,,Foreign Direct Investment (YoY) (Q3),-2.70%,,19.60%
2021-10-29,11:30:00,,,Foreign Direct Investment (YoY),-2.70%,,19.60%
2021-11-01,11:00:00,,,Core Inflation (YoY) (Oct),1.33%,1.36%,1.30%
2021-11-01,11:00:00,,,Inflation (YoY) (Oct),1.66%,1.66%,1.60%
2021-11-01,11:00:00,,,Inflation (MoM) (Oct),0.12%,0.11%,-0.04%
2021-11-05,09:00:00,,,GDP (YoY) (Q3),3.51%,3.76%,7.07%
2021-11-05,09:00:00,,,GDP (QoQ) (Q3),1.55%,1.80%,3.31%
2021-11-05,11:00:00,,,FX Reserves (USD) (Nov),145.50B,,146.90B
2021-11-08,11:00:00,,,Consumer Confidence (Oct),113.4,,95.5
2021-11-09,11:00:00,,,Retail Sales (YoY) (Sep),-2.20%,,-2.10%
2021-11-12,16:09:00,,,Car Sales (YoY) (Oct),54.11%,,73.24%
2021-11-15,11:00:00,,,Export Growth (YoY) (Oct),53.35%,46.85%,47.64%
2021-11-15,11:00:00,,,Import Growth (YoY) (Oct),51.06%,56.06%,40.31%
2021-11-15,11:00:00,,,Trade Balance (Oct),5.74B,3.87B,4.37B
2021-11-18,14:00:00,,,Deposit Facility Rate (Nov),2.75%,2.75%,2.75%
2021-11-18,14:00:00,,,Lending Facility Rate (Nov),4.25%,4.25%,4.25%
2021-11-18,14:20:00,,,Loans (YoY) (Oct),3.24%,,2.21%
2021-11-18,14:30:00,,,Interest Rate Decision,3.50%,,3.50%
2021-11-19,10:27:00,,,Balance of Payments (EUR) (Q3),10.7B,,-0.4B
2021-11-19,10:27:00,,,Current Account % of GDP (Q3),1.50%,,-0.80%
2021-11-23,11:00:00,,,M2 Money Supply (YoY) (Oct),10.40%,,8.00%
2021-12-01,11:00:00,,,Core Inflation (YoY) (Nov),1.44%,1.43%,1.33%
2021-12-01,11:00:00,,,Inflation (YoY) (Nov),1.75%,1.66%,1.66%
2021-12-01,11:00:00,,,Inflation (MoM) (Nov),0.37%,0.31%,0.12%
2021-12-07,10:00:00,,,FX Reserves (USD) (Nov),145.90B,,145.50B
2021-12-08,11:00:00,,,Consumer Confidence (Nov),118.5,,113.4
2021-12-09,14:10:00,,,Motorbike Sales (YoY) (Oct),39.80%,,22.00%
2021-12-10,11:00:00,,,Retail Sales (YoY) (Oct),6.50%,,-2.20%
2021-12-13,22:12:00,,,Car Sales (YoY) (Nov),62.40%,,54.11%
2021-12-15,11:00:00,,,Export Growth (YoY) (Nov),49.70%,44.00%,53.35%
2021-12-15,11:00:00,,,Import Growth (YoY) (Nov),52.62%,37.55%,51.06%
2021-12-15,11:00:00,,,Trade Balance (Nov),3.51B,4.45B,5.74B
2021-12-16,14:00:00,,,Deposit Facility Rate (Dec),2.75%,2.75%,2.75%
2021-12-16,14:00:00,,,Lending Facility Rate (Dec),4.25%,4.25%,4.25%
2021-12-16,14:20:00,,,Loans (YoY) (Nov),4.73%,,3.24%
2021-12-16,14:30:00,,,Interest Rate Decision,3.50%,,3.50%
2021-12-17,14:30:00,,,Loans (YoY),4.73%,,3.24%
2021-12-21,11:00:00,,,Motorbike Sales (YoY) (Oct),95.60%,,22.00%
2021-12-23,11:00:00,,,M2 Money Supply (YoY) (Nov),11.00%,,10.40%
2021-12-24,All Day,,,Indonesia - National Day,,,
2021-12-31,All Day,,,Indonesia - Public Holiday,,,
2022-01-03,11:00:00,,,Core Inflation (YoY) (Dec),1.56%,1.52%,1.44%
2022-01-03,11:00:00,,,Inflation (YoY) (Dec),1.87%,1.80%,1.75%
2022-01-03,11:00:00,,,Inflation (MoM) (Dec),0.57%,0.52%,0.37%
2022-01-07,10:03:00,,,FX Reserves (USD) (Dec),144.90B,,145.90B
2022-01-10,11:00:00,,,Consumer Confidence (Dec),118.3,,118.5
2022-01-11,11:00:00,,,Retail Sales (YoY) (Nov),10.80%,,6.50%
2022-01-11,11:52:00,,,Motorbike Sales (YoY) (Dec),67.40%,,95.60%
2022-01-13,16:28:00,,,Car Sales (YoY) (Dec),68.11%,,62.40%
2022-01-17,11:00:00,,,Export Growth (YoY) (Dec),35.30%,40.40%,49.70%
2022-01-17,11:00:00,,,Import Growth (YoY) (Dec),47.93%,39.40%,52.62%
2022-01-17,11:00:00,,,Trade Balance (Dec),1.02B,3.13B,3.51B
2022-01-20,09:49:00,,,Loans (YoY) (Dec),5.20%,,4.73%
2022-01-20,14:24:00,,,Deposit Facility Rate (Jan),2.75%,2.75%,2.75%
2022-01-20,14:24:00,,,Lending Facility Rate (Jan),4.25%,4.25%,4.25%
2022-01-20,14:30:00,,,Interest Rate Decision,3.50%,,3.50%
2022-01-24,11:00:00,,,M2 Money Supply (YoY) (Dec),13.90%,,11.00%
2022-01-27,12:30:00,,,Foreign Direct Investment (YoY) (Q4),10.10%,,-2.70%
2022-02-01,All Day,,,Indonesia - Chinese New Year,,,
2022-02-02,11:00:00,,,Core Inflation (YoY) (Jan),1.84%,1.71%,1.56%
2022-02-02,11:00:00,,,Inflation (YoY) (Jan),2.18%,2.15%,1.87%
2022-02-02,11:00:00,,,Inflation (MoM) (Jan),0.56%,0.55%,0.57%
2022-02-07,11:14:00,,,GDP (YoY) (Q4),5.02%,4.90%,3.51%
2022-02-07,11:14:00,,,GDP (QoQ) (Q4),1.06%,0.99%,1.55%
2022-02-07,11:14:00,,,GDP Annual,3.69%,,-2.07%
2022-02-08,10:43:00,,,FX Reserves (USD) (Jan),141.30B,,144.90B
2022-02-10,14:30:00,,,Interest Rate Decision,3.50%,,3.50%
2022-02-10,14:30:00,,,Deposit Facility Rate (Feb),2.75%,2.75%,2.75%
2022-02-10,14:31:00,,,Lending Facility Rate (Feb),4.25%,4.25%,4.25%
2022-02-11,10:00:00,,,Consumer Confidence (Jan),119.6,,118.3
2022-02-14,11:00:00,,,Motorbike Sales (YoY) (Jan),12.50%,,67.40%
2022-02-14,11:00:00,,,Retail Sales (YoY) (Dec),13.80%,,10.80%
2022-02-15,11:00:00,,,Export Growth (YoY) (Jan),25.31%,33.86%,35.30%
2022-02-15,11:00:00,,,Import Growth (YoY) (Jan),36.77%,51.38%,47.93%
2022-02-15,11:00:00,,,Trade Balance (Jan),0.93B,0.19B,1.02B
2022-02-15,15:54:00,,,Car Sales (YoY) (Jan),58.90%,,68.11%
2022-02-18,10:01:00,,,Balance of Payments (EUR) (Q4),-0.8B,,10.7B
2022-02-18,10:02:00,,,Current Account % of GDP (Q4),0.40%,,1.50%
2022-02-23,11:00:00,,,M2 Money Supply (YoY) (Jan),12.90%,,13.90%
2022-02-25,09:50:00,,,Loans (YoY),5.50%,,4.90%
2022-02-28,All Day,,,Indonesia - Isra Wal Miraj,,,
2022-03-01,11:00:00,,,Core Inflation (YoY) (Feb),2.03%,1.93%,1.84%
2022-03-01,11:00:00,,,Inflation (YoY) (Feb),2.06%,2.10%,2.18%
2022-03-01,11:00:00,,,Inflation (MoM) (Feb),-0.02%,-0.02%,0.56%
2022-03-02,17:39:00,,,Loans (YoY) (Jan),5.79%,,5.20%
2022-03-03,All Day,,,Indonesia - Hindu Saka New Year,,,
2022-03-08,11:00:00,,,FX Reserves (USD) (Feb),141.40B,,141.30B
2022-03-09,10:00:00,,,Consumer Confidence (Feb),113.1,,119.6
2022-03-10,11:00:00,,,Retail Sales (YoY) (Jan),15.20%,,13.80%
2022-03-14,16:15:00,,,Car Sales (YoY) (Feb),65.10%,,58.90%
2022-03-14,16:15:00,,,Motorbike Sales (YoY) (Feb),-2.60%,,12.50%
2022-03-15,11:00:00,,,Export Growth (YoY) (Feb),34.14%,37.32%,25.31%
2022-03-15,11:00:00,,,Import Growth (YoY) (Feb),25.43%,40.04%,36.77%
2022-03-15,11:00:00,,,Trade Balance (Feb),3.82B,1.66B,0.93B
2022-03-17,14:18:00,,,Loans (YoY) (Feb),6.33%,,5.79%
2022-03-17,14:22:00,,,Deposit Facility Rate (Mar),2.75%,2.75%,2.75%
2022-03-17,14:22:00,,,Lending Facility Rate (Mar),4.25%,4.25%,4.25%
2022-03-17,14:30:00,,,Interest Rate Decision,3.50%,,3.50%
2022-03-24,11:00:00,,,M2 Money Supply (YoY) (Feb),12.50%,,12.90%
2022-04-01,11:00:00,,,Core Inflation (YoY) (Mar),2.37%,2.33%,2.03%
2022-04-01,11:00:00,,,Inflation (YoY) (Mar),2.64%,2.56%,2.06%
2022-04-01,11:00:00,,,Inflation (MoM) (Mar),0.66%,0.61%,-0.02%
2022-04-07,11:00:00,,,FX Reserves (USD) (Mar),139.10B,,141.40B
2022-04-08,10:00:00,,,Consumer Confidence (Mar),111,,113.1
2022-04-11,11:00:00,,,Retail Sales (YoY) (Feb),12.90%,,15.20%
2022-04-13,11:00:00,,,Car Sales (YoY) (Mar),16.00%,,65.10%
2022-04-14,09:15:00,,,Motorbike Sales (YoY) (Mar),-13.60%,,-2.60%
2022-04-15,All Day,,,Indonesia - Good Friday,,,
2022-04-18,11:00:00,,,Export Growth (YoY) (Mar),44.36%,23.83%,34.19%
2022-04-18,11:00:00,,,Import Growth (YoY) (Mar),30.85%,18.30%,25.43%
2022-04-18,11:00:00,,,Trade Balance (Mar),4.53B,2.89B,3.82B
2022-04-19,14:00:00,,,Deposit Facility Rate (Apr),2.75%,2.75%,2.75%
2022-04-19,14:00:00,,,Lending Facility Rate (Apr),4.25%,4.25%,4.25%
2022-04-19,14:20:00,,,Loans (YoY) (Mar),6.65%,,6.33%
2022-04-19,14:30:00,,,Interest Rate Decision,3.50%,3.50%,3.50%
2022-04-22,11:00:00,,,M2 Money Supply (YoY) (Feb),13.30%,,12.80%
2022-04-27,11:00:00,,,Foreign Direct Investment (YoY) (Q1),31.80%,,10.10%
2022-04-29,All Day,,,Indonesia - Eid al-Fitr,,,
2022-05-02,All Day,,,Indonesia - Eid al-Fitr,,,
2022-05-03,All Day,,,Indonesia - Eid al-Fitr,,,
2022-05-04,All Day,,,Indonesia - Eid al-Fitr,,,
2022-05-05,All Day,,,Indonesia - Eid al-Fitr,,,
2022-05-06,All Day,,,Indonesia - Eid al-Fitr,,,
2022-05-09,11:00:00,,,Core Inflation (YoY) (Apr),2.60%,2.61%,2.37%
2022-05-09,11:00:00,,,Inflation (YoY) (Apr),3.47%,3.34%,2.64%
2022-05-09,11:00:00,,,Inflation (MoM) (Apr),0.95%,0.83%,0.66%
2022-05-09,11:15:00,,,GDP (YoY) (Q1),5.01%,5.00%,5.02%
2022-05-09,11:15:00,,,GDP (QoQ) (Q1),-0.96%,-0.89%,1.06%
2022-05-11,10:00:00,,,Consumer Confidence (Apr),113.1,,111
2022-05-12,10:02:00,,,Retail Sales (YoY) (Mar),9.30%,,12.90%
2022-05-13,11:00:00,,,FX Reserves (USD) (Apr),135.70B,,139.10B
2022-05-16,All Day,,,Indonesia - Vesak Day,,,
2022-05-17,11:00:00,,,Export Growth (YoY) (Apr),47.76%,35.97%,44.37%
2022-05-17,11:00:00,,,Import Growth (YoY) (Apr),21.97%,34.97%,30.85%
2022-05-17,11:00:00,,,Trade Balance (Apr),7.56B,3.25B,4.54B
2022-05-18,09:18:00,,,Motorbike Sales (YoY) (Apr),-7.10%,,-13.60%
2022-05-19,19:00:00,,,Car Sales (YoY),5.00%,,16.00%
2022-05-20,10:40:00,,,Balance of Payments (EUR) (Q1),-1.8B,,-0.8B
2022-05-20,10:40:00,,,Current Account % of GDP (Q1),0.10%,,0.40%
2022-05-24,14:21:00,,,Loans (YoY) (Apr),9.10%,,6.65%
2022-05-24,14:30:00,,,Interest Rate Decision,3.50%,3.50%,3.50%
2022-05-24,14:30:00,,,Deposit Facility Rate (May),2.75%,2.75%,2.75%
2022-05-24,14:30:00,,,Lending Facility Rate (May),4.25%,4.25%,4.25%
2022-05-26,All Day,,,Indonesia - Ascension Day,,,
2022-05-27,11:00:00,,,M2 Money Supply (YoY) (Apr),13.60%,,13.30%
2022-06-01,All Day,,,Indonesia - Pancasila Day,,,
2022-06-02,14:53:00,,,Core Inflation (YoY) (May),2.58%,2.70%,2.60%
2022-06-02,14:53:00,,,Inflation (YoY) (May),3.55%,3.60%,3.47%
2022-06-02,14:53:00,,,Inflation (MoM) (May),0.40%,0.41%,0.95%
2022-06-08,11:00:00,,,FX Reserves (USD) (May),135.60B,,135.70B
2022-06-09,10:00:00,,,Consumer Confidence (May),128.9,,113.1
2022-06-10,11:00:00,,,Retail Sales (YoY) (Apr),8.50%,,9.30%
2022-06-14,11:00:00,,,Car Sales (YoY) (May),51.20%,,5.03%
2022-06-15,11:00:00,,,Export Growth (YoY) (May),27.00%,38.69%,47.76%
2022-06-15,11:00:00,,,Import Growth (YoY) (May),30.74%,32.80%,21.97%
2022-06-15,11:00:00,,,Trade Balance (May),2.90B,3.83B,7.56B
2022-06-21,21:06:00,,,Motorbike Sales (YoY) (May),-2.54%,,-7.10%
2022-06-23,14:16:00,,,Loans (YoY) (May),9.03%,,9.10%
2022-06-23,14:21:00,,,Deposit Facility Rate (Jun),2.75%,2.75%,2.75%
2022-06-23,14:21:00,,,Lending Facility Rate (Jun),4.25%,4.25%,4.25%
2022-06-23,14:30:00,,,Interest Rate Decision,3.50%,,3.50%
2022-06-24,14:30:00,,,Loans (YoY) (Jun),9.00%,,9.03%
2022-06-27,11:00:00,,,M2 Money Supply (YoY) (May),12.10%,,13.60%
2022-07-01,11:00:00,,,Core Inflation (YoY) (Jun),2.63%,2.72%,2.58%
2022-07-01,11:00:00,,,Inflation (YoY) (Jun),4.35%,4.17%,3.55%
2022-07-01,11:00:00,,,Inflation (MoM) (Jun),0.61%,0.44%,0.40%
2022-07-07,11:00:00,,,FX Reserves (USD) (Jun),136.40B,,135.60B
2022-07-08,10:00:00,,,Consumer Confidence (Jun),128.2,,128.9
2022-07-11,11:00:00,,,Retail Sales (YoY) (May),2.90%,,8.50%
2022-07-13,11:00:00,,,Car Sales (YoY) (Jun),8.90%,,51.20%
2022-07-15,10:44:00,,,Motorbike Sales (YoY) (Jun),-30.90%,,-2.50%
2022-07-15,11:00:00,,,Export Growth (YoY) (Jun),40.68%,30.26%,27.00%
2022-07-15,11:00:00,,,Import Growth (YoY) (Jun),21.98%,20.10%,30.74%
2022-07-15,11:00:00,,,Trade Balance (Jun),5.09B,3.52B,2.90B
2022-07-20,11:00:00,,,Foreign Direct Investment (YoY) (Q2),39.70%,,31.80%
2022-07-21,14:18:00,,,Loans (YoY) (Jun),10.66%,,9.03%
2022-07-21,14:23:00,,,Deposit Facility Rate (Jul),2.75%,2.75%,2.75%
2022-07-21,14:23:00,,,Lending Facility Rate (Jul),4.25%,4.25%,4.25%
2022-07-21,14:30:00,,,Interest Rate Decision,3.50%,3.50%,3.50%
2022-07-22,10:00:00,,,M2 Money Supply (YoY) (Jun),10.60%,,12.10%
2022-07-22,14:30:00,,,Loans (YoY),10.66%,,9.03%
2022-07-30,All Day,,,Indonesia - Islamic New Year (Hijri),,,
2022-08-01,11:00:00,,,Core Inflation (YoY) (Jul),2.86%,2.85%,2.63%
2022-08-01,11:00:00,,,Inflation (YoY) (Jul),4.94%,4.82%,4.35%
2022-08-01,11:00:00,,,Inflation (MoM) (Jul),0.64%,0.53%,0.61%
2022-08-05,09:13:00,,,GDP (QoQ) (Q2),3.72%,3.44%,-0.95%
2022-08-05,09:14:00,,,GDP (YoY) (Q2),5.44%,5.17%,5.01%
2022-08-05,11:00:00,,,FX Reserves (USD) (Jul),132.20B,,136.40B
2022-08-08,10:00:00,,,Consumer Confidence (Jul),123.2,,128.2
2022-08-09,11:00:00,,,Retail Sales (YoY) (Jun),4.10%,,2.90%
2022-08-11,11:00:00,,,Car Sales (YoY) (Jul),29.40%,,8.90%
2022-08-12,17:05:00,,,Motorbike Sales (YoY) (Jul),-13.30%,,-30.90%
2022-08-15,11:00:00,,,Export Growth (YoY) (Jul),32.03%,29.73%,40.99%
2022-08-15,11:00:00,,,Import Growth (YoY) (Jul),39.86%,37.30%,21.98%
2022-08-15,11:00:00,,,Trade Balance (Jul),4.22B,3.93B,5.09B
2022-08-17,All Day,,,Indonesia - Independence Day,,,
2022-08-19,11:00:00,,,Balance of Payments (EUR) (Q2),2.4B,,-1.8B
2022-08-19,11:00:00,,,Current Account % of GDP (Q2),1.10%,,0.10%
2022-08-23,14:15:00,,,Loans (YoY) (Jul),10.71%,,10.66%
2022-08-23,14:30:00,,,Interest Rate Decision,3.75%,3.50%,3.50%
2022-08-23,19:55:00,,,Deposit Facility Rate (Aug),3.00%,2.75%,2.75%
2022-08-23,19:55:00,,,Lending Facility Rate (Aug),4.50%,4.25%,4.25%
2022-08-24,10:00:00,,,M2 Money Supply (YoY) (Jul),9.60%,,10.60%
2022-09-01,11:00:00,,,Core Inflation (YoY) (Aug),3.04%,3.00%,2.86%
2022-09-01,11:00:00,,,Inflation (YoY) (Aug),4.69%,4.90%,4.94%
2022-09-01,11:00:00,,,Inflation (MoM) (Aug),-0.21%,-0.05%,0.64%
2022-09-07,11:00:00,,,FX Reserves (USD) (Aug),132.20B,,132.20B
2022-09-08,10:00:00,,,Consumer Confidence (Aug),124.7,,123.2
2022-09-09,11:00:00,,,Retail Sales (YoY) (Jul),6.20%,,4.10%
2022-09-12,13:19:00,,,Motorbike Sales (YoY) (Aug),11.60%,,-13.30%
2022-09-13,11:00:00,,,Car Sales (YoY) (Aug),16.40%,,29.40%
2022-09-15,11:00:00,,,Export Growth (YoY) (Aug),30.15%,19.19%,32.03%
2022-09-15,11:00:00,,,Import Growth (YoY) (Aug),32.81%,30.60%,39.86%
2022-09-15,11:00:00,,,Trade Balance (Aug),5.76B,4.09B,4.22B
2022-09-22,14:00:00,,,Deposit Facility Rate (Sep),3.50%,3.25%,3.00%
2022-09-22,14:00:00,,,Lending Facility Rate (Sep),5.00%,4.75%,4.50%
2022-09-22,14:16:00,,,Loans (YoY) (Aug),10.62%,,10.71%
2022-09-22,14:30:00,,,Interest Rate Decision,4.25%,,3.75%
2022-09-23,10:00:00,,,M2 Money Supply (YoY) (Aug),9.50%,,9.60%
2022-10-03,11:00:00,,,Core Inflation (YoY) (Sep),3.21%,3.60%,3.04%
2022-10-03,11:00:00,,,Inflation (YoY) (Sep),5.95%,6.00%,4.69%
2022-10-03,11:00:00,,,Inflation (MoM) (Sep),1.17%,1.26%,-0.21%
2022-10-07,10:00:00,,,FX Reserves (USD) (Sep),130.80B,,132.20B
2022-10-08,All Day,,,Indonesia - Prophet Mohammad's Birthday,,,
2022-10-10,10:00:00,,,Consumer Confidence (Sep),117.2,,124.7
2022-10-11,11:00:00,,,Retail Sales (YoY) (Jul),4.90%,,6.20%
2022-10-12,11:00:00,,,Motorbike Sales (YoY),10.70%,,11.60%
2022-10-13,16:56:00,,,Motorbike Sales (YoY) (Sep),10.70%,,11.60%
2022-10-14,13:00:00,,,Car Sales (YoY),18.90%,,16.40%
2022-10-17,11:00:00,,,Export Growth (YoY) (Sep),20.28%,27.91%,29.93%
2022-10-17,11:00:00,,,Import Growth (YoY) (Sep),22.02%,31.48%,32.81%
2022-10-17,11:00:00,,,Trade Balance (Sep),4.99B,4.84B,5.71B
2022-10-20,14:19:00,,,Loans (YoY) (Sep),11.00%,,10.62%
2022-10-20,14:30:00,,,Interest Rate Decision,4.75%,4.75%,4.25%
2022-10-20,18:04:00,,,Deposit Facility Rate (Oct),4.00%,4.00%,3.50%
2022-10-20,18:04:00,,,Lending Facility Rate (Oct),5.50%,5.50%,5.00%
2022-10-24,10:00:00,,,Foreign Direct Investment (YoY) (Q3),63.60%,,39.70%
2022-10-24,10:00:00,,,M2 Money Supply (YoY) (Sep),9.10%,,9.50%
2022-11-01,11:00:00,,,Core Inflation (YoY) (Oct),3.31%,3.40%,3.21%
2022-11-01,11:00:00,,,Inflation (YoY) (Oct),5.71%,5.99%,5.95%
2022-11-01,11:00:00,,,Inflation (MoM) (Oct),-0.11%,0.16%,1.17%
2022-11-07,11:00:00,,,FX Reserves (USD) (Oct),130.20B,,130.80B
2022-11-07,11:00:00,,,GDP (YoY) (Q3),5.72%,5.89%,5.45%
2022-11-07,11:00:00,,,GDP (QoQ) (Q3),1.81%,1.62%,3.72%
2022-11-08,10:00:00,,,Consumer Confidence (Oct),120.3,,117.2
2022-11-09,17:00:00,,,Retail Sales (YoY) (Sep),4.60%,,4.90%
2022-11-14,09:55:00,,,Motorbike Sales (YoY) (Oct),20.90%,,10.70%
2022-11-14,11:00:00,,,Car Sales (YoY) (Oct),23.34%,,18.90%
2022-11-15,11:00:00,,,Export Growth (YoY) (Oct),12.30%,13.85%,20.28%
2022-11-15,11:00:00,,,Import Growth (YoY) (Oct),17.44%,23.62%,22.02%
2022-11-15,11:00:00,,,Trade Balance (Oct),5.67B,4.50B,4.99B
2022-11-17,14:19:00,,,Loans (YoY) (Oct),11.95%,,11.00%
2022-11-17,14:25:00,,,Deposit Facility Rate (Nov),4.50%,4.50%,4.00%
2022-11-17,14:25:00,,,Lending Facility Rate (Nov),6.00%,5.75%,5.50%
2022-11-17,14:30:00,,,Interest Rate Decision,5.25%,,4.75%
2022-11-23,10:00:00,,,M2 Money Supply (YoY) (Oct),9.80%,,9.10%
2022-12-01,11:00:00,,,Core Inflation (YoY) (Nov),3.30%,3.40%,3.31%
2022-12-01,11:00:00,,,Inflation (YoY) (Nov),5.42%,5.50%,5.71%
2022-12-01,11:00:00,,,Inflation (MoM) (Nov),0.09%,0.16%,-0.11%
2022-12-07,11:00:00,,,FX Reserves (USD) (Nov),134.00B,,130.20B
2022-12-08,10:00:00,,,Consumer Confidence (Nov),119.1,,120.3
2022-12-09,10:00:00,,,Retail Sales (YoY) (Oct),3.70%,,4.60%
2022-12-12,11:00:00,,,Car Sales (YoY) (Nov),4.20%,,23.34%
2022-12-12,16:03:00,,,Motorbike Sales (YoY) (Nov),26.90%,,20.90%
2022-12-15,11:00:00,,,Export Growth (YoY) (Nov),5.58%,9.50%,12.30%
2022-12-15,11:00:00,,,Import Growth (YoY) (Nov),-1.89%,7.00%,17.44%
2022-12-15,11:00:00,,,Trade Balance (Nov),5.16B,4.26B,5.67B
2022-12-22,14:20:00,,,Loans (YoY) (Nov),11.16%,,11.95%
2022-12-22,14:25:00,,,Deposit Facility Rate (Dec),4.75%,4.75%,4.50%
2022-12-22,14:25:00,,,Lending Facility Rate (Dec),6.25%,6.25%,6.00%
2022-12-22,14:30:00,,,Interest Rate Decision,5.50%,,5.25%
2022-12-23,10:00:00,,,M2 Money Supply (YoY) (Nov),9.50%,,9.80%
2022-12-25,All Day,,,Indonesia - Christmas Day,,,
2023-01-02,11:00:00,,,Core Inflation (YoY) (Dec),3.36%,3.39%,3.30%
2023-01-02,11:00:00,,,Inflation (YoY) (Dec),5.51%,5.39%,5.42%
2023-01-02,11:00:00,,,Inflation (MoM) (Dec),0.66%,0.52%,0.09%
2023-01-06,11:00:00,,,FX Reserves (USD) (Dec),137.20B,,134.00B
2023-01-09,10:00:00,,,Consumer Confidence (Dec),119.9,,119.1
2023-01-09,11:00:00,,,FX Reserves (USD) (Dec),137.20B,,134.00B
2023-01-10,11:00:00,,,Retail Sales (YoY) (Nov),1.30%,,3.70%
2023-01-11,10:51:00,,,Motorbike Sales (YoY) (Dec),24.60%,,26.90%
2023-01-13,11:00:00,,,Car Sales (YoY) (Dec),9.00%,,4.20%
2023-01-16,11:00:00,,,Export Growth (YoY) (Dec),6.58%,6.65%,5.58%
2023-01-16,11:00:00,,,Import Growth (YoY) (Dec),-6.61%,-7.58%,-1.89%
2023-01-16,11:00:00,,,Trade Balance (Dec),3.89B,4.01B,5.16B
2023-01-19,14:20:00,,,Loans (YoY),11.35%,,11.16%
2023-01-19,14:27:00,,,Deposit Facility Rate (Jan),5.00%,5.00%,4.75%
2023-01-19,14:27:00,,,Lending Facility Rate (Jan),6.50%,6.50%,6.25%
2023-01-19,14:30:00,,,Interest Rate Decision,5.75%,5.75%,5.50%
2023-01-23,All Day,,,Indonesia - Chinese New Year,,,
2023-01-24,10:00:00,,,M2 Money Supply (YoY) (Dec),8.30%,,9.50%
2023-01-24,11:00:00,,,Foreign Direct Investment (YoY) (Q4),43.30%,,63.60%
2023-02-01,11:00:00,,,Core Inflation (YoY) (Jan),3.27%,3.33%,3.36%
2023-02-01,11:00:00,,,Inflation (YoY) (Jan),5.28%,5.40%,5.51%
2023-02-01,11:00:00,,,Inflation (MoM) (Jan),0.34%,0.47%,0.66%
2023-02-06,11:14:00,,,GDP (YoY) (Q4),5.01%,4.84%,5.72%
2023-02-06,11:14:00,,,GDP (QoQ) (Q4),0.36%,0.33%,1.81%
2023-02-06,11:14:00,,,GDP Annual,5.31%,5.29%,3.69%
2023-02-07,11:00:00,,,FX Reserves (USD) (Jan),139.40B,,137.20B
2023-02-08,10:00:00,,,Consumer Confidence (Jan),123,,119.9
2023-02-09,11:00:00,,,Retail Sales (YoY) (Dec),0.70%,,1.30%
2023-02-13,13:00:00,,,Motorbike Sales (YoY) (Jan),37.00%,,24.60%
2023-02-14,11:00:00,,,Car Sales (YoY) (Jan),11.80%,,9.00%
2023-02-15,11:00:00,,,Export Growth (YoY) (Jan),16.37%,12.50%,6.58%
2023-02-15,11:00:00,,,Import Growth (YoY) (Jan),1.27%,1.50%,-6.61%
2023-02-15,11:00:00,,,Trade Balance (Jan),3.87B,3.35B,3.89B
2023-02-16,14:16:00,,,Loans (YoY) (Jan),10.53%,,11.35%
2023-02-16,14:21:00,,,Deposit Facility Rate (Feb),5.00%,5.00%,5.00%
2023-02-16,14:21:00,,,Lending Facility Rate (Feb),6.50%,6.50%,6.50%
2023-02-16,14:30:00,,,Interest Rate Decision,5.75%,5.75%,5.75%
2023-02-20,10:01:00,,,Balance of Payments (EUR) (Q4),4.7B,,-1.3B
2023-02-20,10:02:00,,,Current Account % of GDP (Q4),1.30%,,1.30%
2023-02-24,10:00:00,,,M2 Money Supply (YoY) (Jan),8.20%,,8.30%
2023-03-01,11:00:00,,,Core Inflation (YoY) (Feb),3.09%,3.26%,3.27%
2023-03-01,11:00:00,,,Inflation (YoY) (Feb),5.47%,5.44%,5.28%
2023-03-01,11:00:00,,,Inflation (MoM) (Feb),0.16%,0.11%,0.34%
2023-03-07,10:00:00,,,FX Reserves (USD) (Feb),140.30B,,139.40B
2023-03-08,10:00:00,,,Consumer Confidence (Feb),122.4,,123
2023-03-09,11:00:00,,,Retail Sales (YoY) (Jan),-0.60%,,0.70%
2023-03-10,18:25:00,,,Car Sales (YoY),7.40%,,11.80%
2023-03-12,12:08:00,,,Motorbike Sales (YoY) (Feb),56.30%,,37.00%
2023-03-15,11:00:00,,,Export Growth (YoY) (Feb),4.51%,5.00%,16.43%
2023-03-15,11:00:00,,,Import Growth (YoY) (Feb),-4.32%,9.74%,1.27%
2023-03-15,11:00:00,,,Trade Balance (Feb),5.48B,3.27B,3.88B
2023-03-16,14:19:00,,,Loans (YoY) (Feb),10.64%,,10.53%
2023-03-16,14:24:00,,,Deposit Facility Rate (Mar),5.00%,5.00%,5.00%
2023-03-16,14:24:00,,,Lending Facility Rate (Mar),6.50%,6.50%,6.50%
2023-03-16,14:30:00,,,Interest Rate Decision,5.75%,5.75%,5.75%
2023-03-22,All Day,,,Indonesia - Hindu Saka New Year,,,
2023-03-23,All Day,,,Indonesia - Hindu Saka New Year,,,
2023-03-24,10:00:00,,,M2 Money Supply (YoY),7.90%,,8.20%
2023-04-03,11:00:00,,,Core Inflation (YoY) (Mar),2.94%,3.05%,3.09%
2023-04-03,11:00:00,,,Inflation (YoY) (Mar),4.97%,5.20%,5.47%
2023-04-03,11:00:00,,,Inflation (MoM) (Mar),0.18%,0.29%,0.16%
2023-04-07,All Day,,,Indonesia - Good Friday,,,
2023-04-10,10:00:00,,,FX Reserves (USD) (Mar),145.20B,141.00B,140.30B
2023-04-10,10:00:00,,,Motorbike Sales (YoY),40.50%,,56.30%
2023-04-11,10:00:00,,,Consumer Confidence (Mar),123.3,113,122.4
2023-04-12,10:00:00,,,Retail Sales (YoY),0.60%,-0.80%,-0.60%
2023-04-14,16:15:00,,,Car Sales (YoY),2.60%,,7.40%
2023-04-17,11:00:00,,,Export Growth (YoY) (Mar),-11.33%,-15.00%,4.44%
2023-04-17,11:00:00,,,Import Growth (YoY) (Mar),-6.26%,-14.45%,-4.32%
2023-04-17,11:00:00,,,Trade Balance (Mar),2.91B,3.99B,5.46B
2023-04-18,14:20:00,,,Deposit Facility Rate (Apr),5.00%,5.00%,5.00%
2023-04-18,14:20:00,,,Lending Facility Rate (Apr),6.50%,6.50%,6.50%
2023-04-18,14:20:00,,,Loans (YoY) (Mar),9.93%,,10.64%
2023-04-18,14:30:00,,,Interest Rate Decision,5.75%,5.75%,5.75%
2023-04-19,All Day,,,Indonesia - Eid al-Fitr,,,
2023-04-20,All Day,,,Indonesia - Eid al-Fitr,,,
2023-04-21,All Day,,,Indonesia - Eid al-Fitr,,,
2023-04-22,All Day,,,Indonesia - Eid al-Fitr,,,
2023-04-23,All Day,,,Indonesia - Eid al-Fitr,,,
2023-04-24,All Day,,,Indonesia - Eid al-Fitr,,,
2023-04-25,All Day,,,Indonesia - Eid al-Fitr,,,
2023-04-27,10:00:00,,,M2 Money Supply (YoY) (Mar),6.20%,,7.90%
2023-04-28,11:00:00,,,Foreign Direct Investment (YoY) (Q1),20.20%,,43.30%
2023-05-01,All Day,,,Indonesia - Labor Day,,,
2023-05-02,11:00:00,,,Core Inflation (YoY) (Apr),2.83%,2.89%,2.94%
2023-05-02,11:00:00,,,Inflation (YoY) (Apr),4.33%,4.39%,4.97%
2023-05-02,11:00:00,,,Inflation (MoM) (Apr),0.33%,0.37%,0.18%
2023-05-05,09:00:00,,,GDP (YoY) (Q1),5.03%,4.95%,5.01%
2023-05-05,09:00:00,,,GDP (QoQ) (Q1),-0.92%,-1.00%,0.36%
2023-05-08,08:55:00,,,Motorbike Sales (YoY) (Apr),-19.40%,,40.50%
2023-05-08,10:00:00,,,FX Reserves (USD) (Apr),144.20B,,145.20B
2023-05-09,10:00:00,,,Consumer Confidence (Apr),126.1,,123.3
2023-05-10,10:00:00,,,Retail Sales (YoY) (Mar),4.90%,,0.60%
2023-05-12,10:30:00,,,Car Sales (YoY) (Apr),-28.80%,,2.60%
2023-05-15,11:00:00,,,Export Growth (YoY) (Apr),-29.40%,-18.55%,-11.63%
2023-05-15,11:00:00,,,Import Growth (YoY) (Apr),-22.32%,-7.85%,-6.26%
2023-05-15,11:00:00,,,Trade Balance (Apr),3.94B,3.38B,2.83B
2023-05-18,All Day,,,Indonesia - Ascension Day,,,
2023-05-23,16:01:00,,,Balance of Payments (EUR) (Q1),6.5B,,-1.3B
2023-05-23,16:01:00,,,Current Account % of GDP (Q1),0.90%,,1.34%
2023-05-25,14:20:00,,,Loans (YoY) (Apr),8.08%,,9.93%
2023-05-25,14:30:00,,,Interest Rate Decision,5.75%,5.75%,5.75%
2023-05-25,14:30:00,,,Deposit Facility Rate (May),5.00%,5.00%,5.00%
2023-05-25,14:30:00,,,Lending Facility Rate (May),6.50%,6.50%,6.50%
2023-05-29,10:00:00,,,M2 Money Supply (YoY) (Apr),5.50%,,6.20%
2023-06-01,All Day,,,Indonesia - Pancasila Day,,,
2023-06-02,All Day,,,Indonesia - Vesak Day,,,
2023-06-05,11:00:00,,,Core Inflation (YoY) (May),2.66%,2.80%,2.83%
2023-06-05,11:00:00,,,Inflation (YoY) (May),4.00%,4.22%,4.33%
2023-06-05,11:00:00,,,Inflation (MoM) (May),0.09%,0.30%,0.33%
2023-06-09,10:00:00,,,FX Reserves (USD) (May),139.30B,,144.20B
2023-06-12,10:00:00,,,Consumer Confidence (May),128.3,,126.1
2023-06-13,10:00:00,,,Retail Sales (YoY) (Apr),1.50%,,4.90%
2023-06-15,11:00:00,,,Export Growth (YoY) (May),0.96%,-8.70%,-29.40%
2023-06-15,11:00:00,,,Import Growth (YoY) (May),14.35%,-11.00%,-22.32%
2023-06-15,11:00:00,,,Trade Balance (May),0.44B,3.02B,3.94B
2023-06-15,13:00:00,,,Car Sales (YoY) (May),65.20%,,-28.80%
2023-06-19,13:10:00,,,Motorbike Sales (YoY) (May),113.40%,,-19.40%
2023-06-22,14:20:00,,,Deposit Facility Rate (Jun),5.00%,5.00%,5.00%
2023-06-22,14:20:00,,,Lending Facility Rate (Jun),6.50%,6.50%,6.50%
2023-06-22,14:20:00,,,Loans (YoY) (May),9.39%,,8.08%
2023-06-22,14:30:00,,,Interest Rate Decision,5.75%,5.75%,5.75%
2023-06-26,10:30:00,,,M2 Money Supply (YoY) (May),6.10%,,5.60%
2023-06-28,All Day,,,Indonesia - Eid al-Adha,,,
2023-06-29,All Day,,,Indonesia - Eid al-Adha,,,
2023-06-30,All Day,,,Indonesia - Eid al-Adha,,,
2023-07-03,11:00:00,,,Core Inflation (YoY) (Jun),2.58%,2.64%,2.66%
2023-07-03,11:00:00,,,Inflation (YoY),3.52%,3.64%,4.00%
2023-07-03,11:00:00,,,Inflation (MoM),0.14%,0.24%,0.09%
2023-07-07,10:00:00,,,FX Reserves (USD) (Jun),137.50B,,139.30B
2023-07-10,10:00:00,,,Consumer Confidence (Jun),127.1,,128.3
2023-07-10,10:00:00,,,Motorbike Sales (YoY) (Jun),66.60%,,113.40%
2023-07-12,10:30:00,,,Retail Sales (YoY) (May),-4.50%,,1.50%
2023-07-13,10:30:00,,,Car Sales (YoY) (Jun),4.70%,,65.20%
2023-07-14,09:00:00,,,Motorbike Sales (YoY),66.60%,,113.40%
2023-07-17,11:00:00,,,Export Growth (YoY) (Jun),-21.18%,-18.65%,0.92%
2023-07-17,11:00:00,,,Import Growth (YoY) (Jun),-18.35%,-7.75%,14.35%
2023-07-17,11:00:00,,,Trade Balance (Jun),3.46B,1.35B,0.43B
2023-07-19,All Day,,,Indonesia - Islamic New Year (Hijri),,,
2023-07-21,11:00:00,,,Foreign Direct Investment (YoY) (Q2),14.20%,,20.20%
2023-07-25,14:00:00,,,Deposit Facility Rate (Jul),5.00%,5.00%,5.00%
2023-07-25,14:00:00,,,Lending Facility Rate (Jul),6.50%,6.50%,6.50%
2023-07-25,14:20:00,,,Loans (YoY) (Jun),7.76%,,9.39%
2023-07-25,14:30:00,,,Interest Rate Decision,5.75%,5.75%,5.75%
2023-07-27,09:30:00,,,M2 Money Supply (YoY) (Jun),6.10%,,6.10%
2023-08-01,11:00:00,,,Core Inflation (YoY) (Jul),2.43%,2.50%,2.58%
2023-08-01,11:00:00,,,Inflation (YoY),3.08%,3.10%,3.52%
2023-08-01,11:00:00,,,Inflation (MoM),0.21%,0.22%,0.14%
2023-08-07,10:00:00,,,FX Reserves (USD) (Jul),137.70B,,137.50B
2023-08-07,11:09:00,,,GDP (YoY) (Q2),5.17%,4.93%,5.04%
2023-08-07,11:09:00,,,GDP (QoQ) (Q2),3.86%,3.72%,-0.91%
2023-08-08,11:30:00,,,Consumer Confidence (Jul),123.5,,127.1
2023-08-09,10:00:00,,,Retail Sales (YoY) (Jun),7.90%,,-4.50%
2023-08-09,14:30:00,,,Motorbike Sales (YoY),45.60%,,66.60%
2023-08-09,18:30:00,,,Car Sales (YoY),-6.70%,,4.60%
2023-08-15,11:00:00,,,Export Growth (YoY) (Jul),-18.03%,-18.30%,-21.18%
2023-08-15,11:00:00,,,Import Growth (YoY) (Jul),-8.32%,-15.50%,-18.35%
2023-08-15,11:00:00,,,Trade Balance (Jul),1.31B,2.53B,3.46B
2023-08-17,All Day,,,Indonesia - Independence Day,,,
2023-08-22,10:00:00,,,Balance of Payments (EUR) (Q2),-7.4B,,6.5B
2023-08-22,10:00:00,,,Current Account % of GDP (Q2),-0.50%,,0.90%
2023-08-24,14:00:00,,,Deposit Facility Rate (Aug),5.00%,5.00%,5.00%
2023-08-24,14:00:00,,,Lending Facility Rate (Aug),6.50%,6.50%,6.50%
2023-08-24,14:30:00,,,Interest Rate Decision,5.75%,5.75%,5.75%
2023-08-24,15:00:00,,,Loans (YoY) (Jun),8.54%,,9.39%
2023-08-28,10:00:00,,,M2 Money Supply (YoY) (Jul),6.40%,,6.10%
2023-09-01,09:00:00,,,Core Inflation (YoY),2.18%,2.30%,2.43%
2023-09-01,09:00:00,,,Inflation (YoY),3.27%,3.33%,3.08%
2023-09-01,09:00:00,,,Inflation (MoM),-0.02%,0.10%,0.21%
2023-09-07,10:00:00,,,FX Reserves (USD) (Aug),137.10B,,137.70B
2023-09-08,10:00:00,,,Consumer Confidence (Aug),125.2,,123.5
2023-09-11,07:40:00,,,Motorbike Sales (YoY) (Aug),1.80%,,45.60%
2023-09-11,10:00:00,,,Car Sales (YoY) (Aug),-8.30%,,-6.80%
2023-09-11,10:00:00,,,Retail Sales (YoY) (Jul),1.60%,,7.90%
2023-09-15,09:00:00,,,Export Growth (YoY) (Aug),-21.21%,-22.00%,-18.10%
2023-09-15,09:00:00,,,Import Growth (YoY) (Aug),-14.77%,-9.33%,-8.32%
2023-09-15,09:00:00,,,Trade Balance (Aug),3.12B,1.55B,1.29B
2023-09-21,14:20:00,,,Interest Rate Decision,5.75%,5.75%,5.75%
2023-09-21,14:20:00,,,Deposit Facility Rate (Sep),5.00%,5.00%,5.00%
2023-09-21,14:20:00,,,Lending Facility Rate (Sep),6.50%,6.50%,6.50%
2023-09-21,14:20:00,,,Loans (YoY),9.06%,,8.54%
2023-09-25,10:00:00,,,M2 Money Supply (YoY) (Aug),5.90%,,6.40%
2023-09-28,All Day,,,Indonesia - Mawlid-al-Nabi,,,
2023-10-02,11:00:00,,,Core Inflation (YoY) (Sep),2.00%,2.08%,2.18%
2023-10-02,11:00:00,,,Inflation (YoY),2.28%,2.20%,3.27%
2023-10-02,11:00:00,,,Inflation (MoM),0.19%,0.14%,-0.02%
2023-10-06,10:00:00,,,FX Reserves (USD) (Sep),134.90B,,137.10B
2023-10-09,10:00:00,,,Consumer Confidence (Sep),121.7,,125.2
2023-10-10,12:30:00,,,Retail Sales (YoY),1.10%,,1.60%
2023-10-10,17:00:00,,,Motorbike Sales (YoY),-0.90%,,1.80%
2023-10-11,08:00:00,,,Car Sales (YoY),-20.10%,,-8.30%
2023-10-16,11:00:00,,,Export Growth (YoY) (Sep),-16.17%,-13.50%,-21.21%
2023-10-16,11:00:00,,,Import Growth (YoY) (Sep),-12.45%,-5.50%,-14.77%
2023-10-16,11:00:00,,,Trade Balance (Sep),3.42B,2.13B,3.12B
2023-10-19,11:00:00,,,Loans (YoY) (Sep),8.96%,,9.06%
2023-10-19,14:00:00,,,Deposit Facility Rate (Oct),5.25%,5.00%,5.00%
2023-10-19,14:00:00,,,Lending Facility Rate (Oct),6.75%,6.50%,6.50%
2023-10-19,14:30:00,,,Interest Rate Decision,6.00%,5.75%,5.75%
2023-10-20,10:00:00,,,Foreign Direct Investment (YoY) (Q3),16.20%,,14.20%
2023-10-24,10:00:00,,,M2 Money Supply (YoY) (Sep),6.00%,,5.90%
2023-11-01,11:00:00,,,Core Inflation (YoY) (Oct),1.91%,2.00%,2.00%
2023-11-01,11:00:00,,,Inflation (YoY),2.56%,2.60%,2.28%
2023-11-01,11:00:00,,,Inflation (MoM),0.17%,0.24%,0.19%
2023-11-06,11:10:00,,,GDP (YoY) (Q3),4.94%,5.05%,5.17%
2023-11-06,11:10:00,,,GDP (QoQ) (Q3),1.60%,1.71%,3.86%
2023-11-07,10:00:00,,,FX Reserves (USD) (Oct),133.10B,,134.90B
2023-11-08,10:00:00,,,Consumer Confidence (Oct),124.3,,121.7
2023-11-08,16:00:00,,,Motorbike Sales (YoY),-4.00%,,-0.90%
2023-11-08,16:45:00,,,Car Sales (YoY),-13.90%,,-20.10%
2023-11-09,10:00:00,,,Retail Sales (YoY) (Sep),1.50%,,1.10%
2023-11-15,11:00:00,,,Export Growth (YoY) (Oct),-10.43%,-15.35%,-16.27%
2023-11-15,11:00:00,,,Import Growth (YoY) (Oct),-2.42%,-7.40%,-12.45%
2023-11-15,11:00:00,,,Trade Balance (Oct),3.48B,3.00B,3.41B
2023-11-21,10:00:00,,,Balance of Payments (EUR) (Q3),-1.5B,,-7.4B
2023-11-21,10:00:00,,,Current Account % of GDP (Q3),-0.20%,,-0.50%
2023-11-23,14:20:00,,,Loans (YoY) (Oct),8.99%,,8.96%
2023-11-23,14:30:00,,,Interest Rate Decision,6.00%,6.00%,6.00%
2023-11-23,14:30:00,,,Deposit Facility Rate (Nov),5.25%,5.25%,5.25%
2023-11-23,14:30:00,,,Lending Facility Rate (Nov),6.75%,6.75%,6.75%
2023-11-27,10:00:00,,,M2 Money Supply (YoY) (Oct),3.40%,,6.00%
2023-12-01,09:15:00,,,Core Inflation (YoY),1.87%,1.97%,1.91%
2023-12-01,09:15:00,,,Inflation (YoY),2.86%,2.71%,2.56%
2023-12-01,09:15:00,,,Inflation (MoM),0.38%,0.22%,0.17%
2023-12-07,10:00:00,,,FX Reserves (USD) (Nov),138.10B,,133.10B
2023-12-08,10:00:00,,,Consumer Confidence (Nov),123.6,,124.3
2023-12-11,10:00:00,,,Motorbike Sales (YoY) (Nov),-2.80%,,-4.00%
2023-12-11,10:40:00,,,Retail Sales (YoY),2.40%,,1.50%
2023-12-13,10:00:00,,,Car Sales (YoY),-7.50%,,-13.80%
2023-12-15,09:00:00,,,Export Growth (YoY) (Nov),-8.56%,-9.36%,-10.43%
2023-12-15,09:00:00,,,Import Growth (YoY) (Nov),3.29%,0.20%,-2.42%
2023-12-15,09:00:00,,,Trade Balance (Nov),2.41B,3.05B,3.47B
2023-12-21,14:00:00,,,Deposit Facility Rate (Dec),5.25%,5.25%,5.25%
2023-12-21,14:00:00,,,Lending Facility Rate (Dec),6.75%,6.75%,6.75%
2023-12-21,14:20:00,,,Loans (YoY) (Nov),9.74%,,8.99%
2023-12-21,14:30:00,,,Interest Rate Decision,6.00%,6.00%,6.00%
2023-12-22,11:00:00,,,M2 Money Supply (YoY) (Nov),3.30%,,3.40%
2023-12-25,All Day,,,Indonesia - Christmas,,,
2023-12-26,All Day,,,Indonesia - Christmas,,,
2024-01-01,All Day,,,Indonesia - New Year's Day,,,
2024-01-02,11:00:00,,,Core Inflation (YoY) (Dec),1.80%,1.85%,1.87%
2024-01-02,11:00:00,,,Inflation (YoY) (Dec),2.61%,2.72%,2.86%
2024-01-02,11:00:00,,,Inflation (MoM) (Dec),0.41%,0.50%,0.38%
2024-01-08,09:00:00,,,Motorbike Sales (YoY) (Dec),-11.60%,,-2.80%
2024-01-08,10:00:00,,,FX Reserves (USD) (Dec),146.40B,,138.10B
2024-01-09,10:00:00,,,Consumer Confidence (Dec),123.8,,123.6
2024-01-10,08:00:00,,,Retail Sales (YoY) (Nov),2.10%,,2.40%
2024-01-11,10:00:00,,,Car Sales (YoY),-19.10%,,-7.50%
2024-01-15,11:00:00,,,Export Growth (YoY) (Dec),-5.76%,-8.10%,-8.56%
2024-01-15,11:00:00,,,Import Growth (YoY) (Dec),-3.81%,0.40%,3.29%
2024-01-15,11:00:00,,,Trade Balance (Dec),3.30B,1.92B,2.41B
2024-01-17,14:00:00,,,Deposit Facility Rate (Jan),5.25%,5.25%,5.25%
2024-01-17,14:00:00,,,Lending Facility Rate (Jan),6.75%,6.75%,6.75%
2024-01-17,14:00:00,,,Loans (YoY) (Dec),10.38%,,9.74%
2024-01-17,14:30:00,,,Interest Rate Decision,6.00%,6.00%,6.00%
2024-01-22,10:00:00,,,M2 Money Supply (YoY) (Nov),3.50%,,3.40%
2024-01-24,11:00:00,,,Foreign Direct Investment (YoY) (Q4),5.30%,,16.20%
2024-02-01,11:00:00,,,Core Inflation (YoY) (Jan),1.68%,1.76%,1.80%
2024-02-01,11:00:00,,,Inflation (YoY) (Jan),2.57%,2.55%,2.61%
2024-02-01,11:00:00,,,Inflation (MoM) (Jan),0.04%,0.29%,0.41%
2024-02-05,11:07:00,,,GDP (QoQ) (Q4),0.45%,0.41%,1.60%
2024-02-05,11:08:00,,,GDP (YoY) (Q4),5.04%,5.00%,4.94%
2024-02-05,11:08:00,,,GDP Annual,5.05%,,5.31%
2024-02-07,10:00:00,,,FX Reserves (USD) (Jan),145.10B,,146.40B
2024-02-08,All Day,,,Indonesia - Al Isra' wal-Mi'raj,,,
2024-02-09,All Day,,,Indonesia - Chinese New Year,,,
2024-02-09,07:40:00,,,Motorbike Sales (YoY),-3.70%,,-11.60%
2024-02-13,10:00:00,,,Consumer Confidence (Jan),125,,123.8
2024-02-13,11:30:00,,,Car Sales (YoY) (Jan),-26.10%,,-19.10%
2024-02-14,All Day,,,Indonesia - Election Day,,,
2024-02-15,11:00:00,,,Export Growth (YoY) (Jan),-8.06%,-2.70%,-5.85%
2024-02-15,11:00:00,,,Import Growth (YoY) (Jan),0.36%,1.30%,-3.81%
2024-02-15,11:00:00,,,Trade Balance (Jan),2.01B,2.99B,3.30B
2024-02-16,10:00:00,,,Retail Sales (YoY) (Dec),0.20%,,2.10%
2024-02-21,14:20:00,,,Loans (YoY) (Jan),11.83%,,10.38%
2024-02-21,14:30:00,,,Interest Rate Decision,6.00%,6.00%,6.00%
2024-02-21,14:30:00,,,Deposit Facility Rate (Feb),5.25%,5.25%,5.25%
2024-02-21,14:30:00,,,Lending Facility Rate (Feb),6.75%,6.75%,6.75%
2024-02-22,10:00:00,,,Balance of Payments (EUR) (Q1),8.6B,,-1.5B
2024-02-22,10:00:00,,,Current Account % of GDP (Q1),-0.40%,,-0.20%
2024-02-23,10:00:00,,,M2 Money Supply (YoY) (Jan),5.40%,,3.50%
2024-03-01,09:00:00,,,Core Inflation (YoY) (Feb),1.68%,1.71%,1.68%
2024-03-01,09:00:00,,,Inflation (YoY) (Feb),2.75%,2.60%,2.57%
2024-03-01,09:00:00,,,Inflation (MoM) (Feb),0.37%,0.23%,0.04%
2024-03-07,10:00:00,,,FX Reserves (USD) (Feb),144.00B,,145.10B
2024-03-11,All Day,,,Indonesia - Hindu Saka New Year,,,
2024-03-11,06:50:00,,,Car Sales (YoY),-18.80%,,-26.10%
2024-03-11,07:20:00,,,Motorbike Sales (YoY) (Feb),-2.90%,,-3.70%
2024-03-12,All Day,,,Indonesia - Hindu Saka New Year,,,
2024-03-13,10:00:00,,,Consumer Confidence (Feb),123.1,,125
2024-03-14,10:15:00,,,Retail Sales (YoY) (Jan),1.10%,,0.20%
2024-03-15,09:00:00,,,Export Growth (YoY) (Feb),-9.45%,-6.50%,-8.20%
2024-03-15,09:00:00,,,Import Growth (YoY) (Feb),15.84%,9.30%,0.36%
2024-03-15,09:00:00,,,Trade Balance (Feb),0.87B,2.32B,2.00B
2024-03-20,14:20:00,,,Loans (YoY) (Feb),11.28%,,11.83%
2024-03-20,14:30:00,,,Interest Rate Decision,6.00%,6.00%,6.00%
2024-03-20,14:30:00,,,Deposit Facility Rate (Mar),5.25%,5.25%,5.25%
2024-03-20,14:30:00,,,Lending Facility Rate (Mar),6.75%,6.75%,6.75%
2024-03-22,10:00:00,,,M2 Money Supply (YoY) (Feb),5.30%,,5.40%
2024-03-29,All Day,,,Indonesia - Good Friday,,,
2024-04-01,11:00:00,,,Core Inflation (YoY) (Mar),1.77%,1.70%,1.68%
2024-04-01,11:00:00,,,Inflation (YoY) (Mar),3.05%,2.91%,2.75%
2024-04-01,11:00:00,,,Inflation (MoM) (Mar),0.52%,0.39%,0.37%
2024-04-05,10:00:00,,,FX Reserves (USD) (Mar),140.40B,,144.00B
2024-04-07,14:30:00,,,Motorbike Sales (YoY),-7.80%,,-2.90%
2024-04-08,All Day,,,Indonesia - Eid al-Fitr,,,
2024-04-09,All Day,,,Indonesia - Eid al-Fitr,,,
2024-04-10,All Day,,,Indonesia - Eid al-Fitr,,,
2024-04-11,All Day,,,Indonesia - Eid al-Fitr,,,
2024-04-11,09:30:00,,,Car Sales (YoY),-26.20%,,-18.80%
2024-04-12,All Day,,,Indonesia - Eid al-Fitr,,,
2024-04-15,All Day,,,Indonesia - Eid al-Fitr,,,
2024-04-16,10:25:00,,,Consumer Confidence (Mar),123.8,,123.1
2024-04-17,10:00:00,,,Retail Sales (YoY) (Feb),6.40%,,1.10%
2024-04-22,11:00:00,,,Export Growth (YoY) (Mar),-4.19%,,-9.60%
2024-04-22,11:00:00,,,Import Growth (YoY) (Mar),-12.76%,,15.84%
2024-04-22,11:00:00,,,Trade Balance (Mar),4.47B,,0.83B
2024-04-24,14:00:00,,,Loans (YoY) (Mar),12.40%,,11.28%
2024-04-24,14:30:00,,,Interest Rate Decision,6.25%,6.00%,6.00%
2024-04-24,14:30:00,,,Deposit Facility Rate (Apr),5.50%,5.25%,5.25%
2024-04-24,14:30:00,,,Lending Facility Rate (Apr),7.00%,6.75%,6.75%
2024-04-25,10:00:00,,,M2 Money Supply (YoY) (Mar),7.20%,,5.30%
2024-04-29,11:00:00,,,Foreign Direct Investment (YoY) (Q1),15.50%,,16.20%
2024-05-01,All Day,,,Indonesia - Labor Day,,,
2024-05-02,11:00:00,,,Core Inflation (YoY) (Apr),1.82%,1.76%,1.77%
2024-05-02,11:00:00,,,Inflation (YoY) (Apr),3.00%,3.06%,3.05%
2024-05-02,11:00:00,,,Inflation (MoM) (Apr),0.25%,0.21%,0.52%
2024-05-06,11:00:00,,,GDP (YoY) (Q1),5.11%,5.00%,5.04%
2024-05-06,11:00:00,,,GDP (QoQ) (Q1),-0.83%,-0.89%,0.45%
2024-05-08,11:00:00,,,FX Reserves (USD) (Apr),136.20B,,140.40B
2024-05-09,All Day,,,Indonesia - Ascension Day,,,
2024-05-09,07:40:00,,,Motorbike Sales (YoY),18.30%,,-7.80%
2024-05-10,All Day,,,Indonesia - Ascension Day,,,
2024-05-13,10:00:00,,,Consumer Confidence (Apr),127.7,,123.8
2024-05-13,11:00:00,,,Car Sales (YoY) (Apr),-17.50%,,-26.20%
2024-05-13,11:00:00,,,Motorbike Sales (YoY) (Apr),18.30%,,-7.80%
2024-05-14,10:00:00,,,Retail Sales (YoY) (Mar),9.30%,,6.40%
2024-05-15,11:00:00,,,Export Growth (YoY) (Apr),1.72%,4.57%,-3.75%
2024-05-15,11:00:00,,,Import Growth (YoY) (Apr),4.62%,8.69%,-12.76%
2024-05-15,11:00:00,,,Trade Balance (Apr),3.56B,3.30B,4.58B
2024-05-20,10:00:00,,,Balance of Payments (EUR) (Q4),-6.0B,,-1.5B
2024-05-20,10:00:00,,,Current Account % of GDP (Q4),-0.60%,,-0.20%
2024-05-22,14:00:00,,,Loans (YoY) (Apr),13.09%,,12.40%
2024-05-22,14:30:00,,,Interest Rate Decision,6.25%,6.25%,6.25%
2024-05-22,14:30:00,,,Deposit Facility Rate (May),5.50%,5.50%,5.50%
2024-05-22,14:30:00,,,Lending Facility Rate (May),7.00%,7.00%,7.00%
2024-05-23,All Day,,,Indonesia - Vesak Day,,,
2024-05-24,All Day,,,Indonesia - Vesak Day,,,
2024-05-27,10:00:00,,,M2 Money Supply (YoY) (Apr),6.90%,,7.20%
2024-06-03,11:00:00,,,Core Inflation (YoY) (May),1.93%,1.88%,1.82%
2024-06-03,11:00:00,,,Inflation (YoY) (May),2.84%,2.94%,3.00%
2024-06-03,11:00:00,,,Inflation (MoM) (May),-0.03%,0.05%,0.25%
2024-06-07,10:00:00,,,FX Reserves (USD) (May),139.00B,,136.20B
2024-06-10,10:10:00,,,Consumer Confidence (May),125.2,,127.7
2024-06-11,09:15:00,,,Car Sales (YoY) (May),-13.30%,,-17.50%
2024-06-11,10:20:00,,,Retail Sales (YoY) (Apr),-2.70%,,9.30%
2024-06-12,10:20:00,,,Motorbike Sales (YoY) (May),-4.50%,,18.30%
2024-06-17,All Day,,,Indonesia - Eid al-Adha,,,
2024-06-18,All Day,,,Indonesia - Eid al-Adha,,,
2024-06-19,11:00:00,,,Export Growth (YoY) (May),2.86%,0.78%,1.72%
2024-06-19,11:00:00,,,Import Growth (YoY) (May),-8.83%,-8.56%,10.09%
2024-06-19,11:00:00,,,Trade Balance (May),2.93B,2.74B,2.27B
2024-06-20,14:20:00,,,Loans (YoY) (May),12.15%,,13.09%
2024-06-20,14:30:00,,,Interest Rate Decision,6.25%,6.25%,6.25%
2024-06-20,14:30:00,,,Deposit Facility Rate (Jun),5.50%,5.50%,5.50%
2024-06-20,14:30:00,,,Lending Facility Rate (Jun),7.00%,,7.00%
2024-06-21,10:00:00,,,M2 Money Supply (YoY) (May),7.60%,,6.90%
2024-07-01,11:00:00,,,Core Inflation (YoY) (Jun),1.90%,1.96%,1.93%
2024-07-01,11:00:00,,,Inflation (YoY) (Jun),2.51%,2.70%,2.84%
2024-07-01,11:00:00,,,Inflation (MoM) (Jun),-0.08%,0.06%,-0.03%
2024-07-05,10:00:00,,,FX Reserves (USD) (Jun),140.20B,,139.00B
2024-07-08,10:00:00,,,Consumer Confidence (Jun),123.3,,125.2
2024-07-09,11:00:00,,,Retail Sales (YoY) (May),2.10%,,-2.70%
2024-07-09,15:10:00,,,Car Sales (YoY) (Jun),-11.80%,,-13.30%
2024-07-10,11:00:00,,,Motorbike Sales (YoY) (Jun),3.50%,,-4.60%
2024-07-15,11:00:00,,,Export Growth (YoY) (Jun),1.17%,5.13%,2.86%
2024-07-15,11:00:00,,,Import Growth (YoY) (Jun),7.58%,5.50%,-8.83%
2024-07-15,11:00:00,,,Trade Balance (Jun),2.39B,2.98B,2.93B
2024-07-17,14:20:00,,,Loans (YoY) (Jun),12.36%,,12.15%
2024-07-17,14:30:00,,,Interest Rate Decision,6.25%,,6.25%
2024-07-17,14:30:00,,,Deposit Facility Rate (Jul),5.50%,,5.50%
2024-07-17,14:30:00,,,Lending Facility Rate (Jul),7.00%,,7.00%
2024-07-22,10:00:00,,,M2 Money Supply (YoY) (Jun),7.80%,,7.60%
2024-07-29,11:00:00,,,Foreign Direct Investment (YoY),16.60%,,15.50%
2024-08-01,11:00:00,,,Core Inflation (YoY) (Jul),1.95%,1.90%,1.90%
2024-08-01,11:00:00,,,Inflation (YoY) (Jul),2.13%,2.40%,2.51%
2024-08-01,11:00:00,,,Inflation (MoM) (Jul),-0.18%,0.10%,-0.08%
2024-08-05,11:00:00,,,GDP (YoY) (Q2),5.05%,5.00%,5.11%
2024-08-05,11:00:00,,,GDP (QoQ) (Q2),3.79%,3.71%,-0.83%
2024-08-07,10:00:00,,,FX Reserves (USD) (Jul),145.40B,,140.20B
2024-08-08,11:00:00,,,Consumer Confidence (Jul),123.4,,123.3
2024-08-08,14:10:00,,,Car Sales (YoY) (Jul),-7.90%,,-11.80%
2024-08-09,11:00:00,,,Retail Sales (YoY) (Jun),2.70%,,2.10%
2024-08-10,14:30:00,,,Motorbike Sales (YoY) (Jul),26.00%,,3.50%
2024-08-15,11:00:00,,,Export Growth (YoY) (Jul),6.46%,3.85%,1.19%
2024-08-15,11:00:00,,,Import Growth (YoY) (Jul),11.07%,0.04%,7.58%
2024-08-15,11:00:00,,,Trade Balance (Jul),0.47B,2.45B,2.39B
2024-08-21,14:20:00,,,Loans (YoY) (Jul),12.40%,,12.36%
2024-08-21,14:30:00,,,Interest Rate Decision,6.25%,6.25%,6.25%
2024-08-21,14:30:00,,,Deposit Facility Rate (Aug),5.50%,5.50%,5.50%
2024-08-21,14:30:00,,,Lending Facility Rate (Aug),7.00%,7.00%,7.00%
2024-08-22,11:00:00,,,Balance of Payments (EUR) (Q2),-0.6B,,-6.0B
2024-08-22,11:00:00,,,Current Account % of GDP (Q2),-0.90%,,-0.60%
2024-08-23,10:00:00,,,M2 Money Supply (YoY) (Jul),7.40%,,7.70%
2024-09-02,11:00:00,,,Core Inflation (YoY) (Aug),2.02%,1.98%,1.95%
2024-09-02,11:00:00,,,Inflation (YoY) (Aug),2.12%,2.12%,2.13%
2024-09-02,11:00:00,,,Inflation (MoM) (Aug),-0.03%,0.00%,-0.18%
2024-09-06,10:35:00,,,FX Reserves (USD) (Aug),150.20B,,145.40B
2024-09-09,09:45:00,,,Motorbike Sales (YoY) (Aug),7.40%,,26.00%
2024-09-09,10:20:00,,,Car Sales (YoY) (Aug),-14.20%,,-7.90%
2024-09-09,11:00:00,,,Consumer Confidence (Aug),124.4,,123.4
2024-09-10,10:00:00,,,Retail Sales (YoY) (Jul),4.50%,,2.70%
2024-09-16,All Day,,,Indonesia - Mawlid-al-Nabi,,,
2024-09-17,11:00:00,,,Export Growth (YoY) (Aug),7.13%,3.83%,6.60%
2024-09-17,11:00:00,,,Import Growth (YoY) (Aug),9.46%,8.15%,11.07%
2024-09-17,11:00:00,,,Trade Balance (Aug),2.89B,1.96B,0.50B
2024-09-18,14:30:00,,,Interest Rate Decision,6.00%,6.25%,6.25%
2024-09-18,14:30:00,,,Deposit Facility Rate (Sep),5.25%,5.50%,5.50%
2024-09-18,14:30:00,,,Lending Facility Rate (Sep),6.75%,7.00%,7.00%
2024-09-18,14:30:00,,,Loans (YoY) (Aug),11.40%,,12.40%
2024-09-23,11:00:00,,,M2 Money Supply (YoY) (Aug),7.30%,,7.60%
2024-10-01,11:00:00,,,Core Inflation (YoY) (Sep),2.09%,,2.02%
2024-10-01,11:00:00,,,Inflation (YoY) (Sep),1.84%,,2.12%
2024-10-01,11:00:00,,,Inflation (MoM) (Sep),-0.12%,,-0.03%
2024-10-07,11:00:00,,,FX Reserves (USD) (Sep),149.90B,,150.20B
2024-10-08,09:40:00,,,Motorbike Sales (YoY) (Sep),3.70%,,7.40%
2024-10-08,10:00:00,,,Consumer Confidence (Sep),123.5,,124.4
2024-10-09,09:15:00,,,Car Sales (YoY) (Sep),-9.10%,,-14.20%
2024-10-09,10:45:00,,,Retail Sales (YoY) (Aug),5.80%,,4.50%
2024-10-15,11:00:00,,,Export Growth (YoY) (Sep),6.44%,8.00%,6.56%
2024-10-15,11:00:00,,,Import Growth (YoY) (Sep),8.55%,11.80%,9.46%
2024-10-15,11:00:00,,,Trade Balance (Sep),3.26B,2.83B,2.78B
2024-10-15,13:00:00,,,Foreign Direct Investment (YoY) (Q3),18.60%,,16.60%
2024-10-16,14:30:00,,,Interest Rate Decision,6.00%,6.00%,6.00%
2024-10-16,14:30:00,,,Deposit Facility Rate (Oct),5.25%,5.25%,5.25%
2024-10-16,14:30:00,,,Lending Facility Rate (Oct),6.75%,6.75%,6.75%
2024-10-16,14:30:00,,,Loans (YoY) (Sep),10.85%,,11.40%
2024-10-22,10:00:00,,,M2 Money Supply (YoY) (Sep),7.20%,,7.30%
2024-11-01,09:00:00,,,Core Inflation (YoY) (Oct),2.21%,2.10%,2.09%
2024-11-01,09:00:00,,,Inflation (YoY) (Oct),1.71%,1.70%,1.84%
2024-11-01,09:00:00,,,Inflation (MoM) (Oct),0.08%,0.00%,-0.12%
2024-11-05,11:00:00,,,GDP (YoY) (Q3),4.95%,5.00%,5.05%
2024-11-05,11:00:00,,,GDP (QoQ) (Q3),1.50%,1.60%,3.79%
2024-11-07,10:00:00,,,FX Reserves (USD) (Oct),151.20B,,149.90B
2024-11-08,14:40:00,,,Motorbike Sales (YoY) (Sep),5.40%,,3.70%
2024-11-11,11:00:00,,,Car Sales (YoY) (Oct),-3.90%,,-9.10%
2024-11-11,11:00:00,,,Consumer Confidence (Oct),121.1,,123.5
2024-11-12,11:00:00,,,Retail Sales (YoY) (Sep),4.80%,,5.80%
2024-11-15,09:00:00,,,Export Growth (YoY) (Oct),10.25%,3.84%,6.31%
2024-11-15,09:00:00,,,Import Growth (YoY) (Oct),17.49%,7.10%,8.55%
2024-11-15,09:00:00,,,Trade Balance (Oct),2.47B,3.05B,3.23B
2024-11-20,14:30:00,,,Interest Rate Decision,6.00%,6.00%,6.00%
2024-11-20,14:30:00,,,Deposit Facility Rate (Nov),5.25%,,5.25%
2024-11-20,14:30:00,,,Lending Facility Rate (Nov),6.75%,,6.75%
2024-11-20,14:30:00,,,Loans (YoY) (Oct),10.92%,,10.85%
2024-11-21,10:00:00,,,Balance of Payments (EUR) (Q3),5.9B,,-0.6B
2024-11-21,10:00:00,,,Current Account % of GDP (Q3),-0.60%,,-0.90%
2024-11-22,10:00:00,,,M2 Money Supply (YoY) (Oct),6.70%,,7.20%
2024-11-27,All Day,,,Indonesia - Regional Election Day,,,
2024-12-02,11:00:00,,,Core Inflation (YoY) (Nov),2.26%,2.20%,2.21%
2024-12-02,11:00:00,,,Inflation (YoY) (Nov),1.55%,1.50%,1.71%
2024-12-02,11:00:00,,,Inflation (MoM) (Nov),0.30%,0.26%,0.08%
2024-12-06,10:00:00,,,FX Reserves (USD) (Nov),150.20B,,151.20B
2024-12-09,10:00:00,,,Consumer Confidence (Nov),125.9,,121.1
2024-12-09,10:00:00,,,Motorbike Sales (YoY) (Nov),-10.30%,,5.40%
2024-12-10,10:00:00,,,Retail Sales (YoY) (Oct),1.50%,,4.80%
2024-12-10,11:00:00,,,Car Sales (YoY) (Nov),-11.90%,,-3.90%
2024-12-16,11:00:00,,,Export Growth (YoY) (Nov),9.14%,4.92%,10.28%
2024-12-16,11:00:00,,,Import Growth (YoY) (Nov),0.01%,6.15%,17.49%
2024-12-16,11:00:00,,,Trade Balance (Nov),4.42B,2.21B,2.48B
2024-12-18,14:20:00,,,Loans (YoY) (Nov),10.79%,,10.92%
2024-12-18,14:30:00,,,Interest Rate Decision,6.00%,6.00%,6.00%
2024-12-18,14:30:00,,,Deposit Facility Rate (Dec),5.25%,5.25%,5.25%
2024-12-18,14:30:00,,,Lending Facility Rate (Dec),6.75%,6.75%,6.75%
2024-12-23,11:00:00,,,M2 Money Supply (YoY) (Nov),7.00%,,6.80%
2024-12-25,All Day,,,Indonesia - Christmas,,,
2024-12-26,All Day,,,Indonesia - Christmas,,,
2025-01-01,All Day,,,Indonesia - New Year's Day,,,
2025-01-02,11:00:00,,,Core Inflation (YoY) (Dec),2.26%,2.28%,2.26%
2025-01-02,11:00:00,,,Inflation (YoY) (Dec),1.57%,1.60%,1.55%
2025-01-02,11:00:00,,,Inflation (MoM) (Dec),0.44%,0.44%,0.30%
2025-01-08,10:00:00,,,FX Reserves (USD) (Dec),155.70B,,150.20B
2025-01-09,10:00:00,,,Consumer Confidence (Dec),127.7,,125.9
2025-01-10,06:30:00,,,Motorbike Sales (YoY) (Dec),-5.50%,,-10.30%
2025-01-10,10:00:00,,,Retail Sales (YoY) (Nov),0.90%,,1.50%
2025-01-10,11:00:00,,,Car Sales (YoY) (Dec),-6.40%,,-11.90%
2025-01-15,11:00:00,,,Export Growth (YoY) (Dec),4.78%,7.38%,9.10%
2025-01-15,11:00:00,,,Import Growth (YoY) (Dec),11.07%,4.84%,0.01%
2025-01-15,11:00:00,,,Trade Balance (Dec),2.24B,3.79B,4.37B
2025-01-15,14:20:00,,,Loans (YoY) (Dec),10.39%,,10.79%
2025-01-15,14:30:00,,,Interest Rate Decision,5.75%,6.00%,6.00%
2025-01-15,14:30:00,,,Deposit Facility Rate (Jan),5.00%,5.25%,5.25%
2025-01-15,14:30:00,,,Lending Facility Rate (Jan),6.50%,6.75%,6.75%
2025-01-23,10:00:00,,,M2 Money Supply (YoY) (Dec),4.40%,,6.50%
2025-01-27,All Day,,,Indonesia - Al Isra' wal-Mi'raj,,,
2025-01-28,All Day,,,Indonesia - Chinese New Year,,,
2025-01-29,All Day,,,Indonesia - Chinese New Year,,,
2025-01-31,11:30:00,,,Foreign Direct Investment (YoY) (Q4),33.30%,,18.60%
2025-02-03,11:00:00,,,Core Inflation (YoY) (Jan),2.36%,2.30%,2.26%
2025-02-03,11:00:00,,,Inflation (YoY) (Jan),0.76%,1.88%,1.57%
2025-02-03,11:00:00,,,Inflation (MoM) (Jan),-0.76%,0.32%,0.44%
2025-02-05,11:00:00,,,GDP (YoY) (Q4),5.02%,4.98%,4.95%
2025-02-05,11:00:00,,,GDP (QoQ) (Q4),0.53%,0.56%,1.50%
2025-02-05,11:00:00,,,GDP Annual,5.03%,,5.05%
2025-02-07,10:00:00,,,FX Reserves (USD) (Jan),156.10B,,155.70B
2025-02-09,09:30:00,,,Motorbike Sales (YoY) (Jan),-6.00%,,-5.50%
2025-02-11,10:00:00,,,Consumer Confidence (Jan),127.2,,127.7
2025-02-11,11:00:00,,,Car Sales (YoY) (Jan),-11.30%,,-6.40%
2025-02-12,10:00:00,,,Retail Sales (YoY) (Dec),1.80%,,0.90%
2025-02-17,11:00:00,,,Export Growth (YoY) (Jan),4.68%,6.99%,4.78%
2025-02-17,11:00:00,,,Import Growth (YoY) (Jan),-2.67%,9.95%,11.07%
2025-02-17,11:00:00,,,Trade Balance (Jan),3.45B,1.91B,2.24B
2025-02-19,14:20:00,,,Loans (YoY) (Jan),10.27%,,10.39%
2025-02-19,14:30:00,,,Interest Rate Decision,5.75%,5.75%,5.75%
2025-02-19,14:30:00,,,Deposit Facility Rate (Feb),5.00%,5.00%,5.00%
2025-02-19,14:30:00,,,Lending Facility Rate (Feb),6.50%,6.50%,6.50%
2025-02-20,10:00:00,,,Balance of Payments (EUR) (Q4),7.9B,,5.9B
2025-02-20,10:00:00,,,Current Account % of GDP (Q4),-0.30%,,-0.60%
2025-02-24,10:00:00,,,M2 Money Supply (YoY) (Jan),5.90%,,4.40%
2025-03-03,11:00:00,,,Core Inflation (YoY) (Feb),2.48%,2.45%,2.36%
2025-03-03,11:00:00,,,Inflation (YoY) (Feb),-0.09%,0.41%,0.76%
2025-03-03,11:00:00,,,Inflation (MoM) (Feb),-0.48%,0.02%,-0.76%
2025-03-07,10:00:00,,,FX Reserves (USD) (Feb),154.50B,,156.10B
2025-03-10,11:00:00,,,Motorbike Sales (YoY) (Feb),4.00%,,-5.50%
2025-03-11,10:00:00,,,Consumer Confidence (Feb),126.4,,127.2
2025-03-11,11:00:00,,,Car Sales (YoY) (Feb),2.20%,,-11.30%
2025-03-12,14:00:00,,,Retail Sales (YoY) (Jan),0.50%,,1.80%
2025-03-17,11:00:00,,,Export Growth (YoY) (Feb),14.05%,9.10%,4.68%
2025-03-17,11:00:00,,,Import Growth (YoY) (Feb),2.30%,0.60%,-2.67%
2025-03-17,11:00:00,,,Trade Balance (Feb),3.12B,2.45B,3.49B
2025-03-19,14:20:00,,,Loans (YoY) (Feb),10.30%,,10.27%
2025-03-19,14:30:00,,,Interest Rate Decision,5.75%,5.75%,5.75%
2025-03-19,14:30:00,,,Deposit Facility Rate (Mar),5.00%,5.00%,5.00%
2025-03-19,14:30:00,,,Lending Facility Rate (Mar),6.50%,6.50%,6.50%
2025-03-21,11:00:00,,,M2 Money Supply (YoY) (Feb),5.70%,,5.50%
2025-03-28,All Day,,,Indonesia - Hindu Saka New Year,,,
2025-03-31,All Day,,,Indonesia - Eid al-Fitr,,,
2025-04-01,All Day,,,Indonesia - Eid al-Fitr,,,
2025-04-02,All Day,,,Indonesia - Eid al-Fitr,,,
2025-04-03,All Day,,,Indonesia - Eid al-Fitr,,,
2025-04-04,All Day,,,Indonesia - Eid al-Fitr,,,
2025-04-07,All Day,,,Indonesia - Eid al-Fitr,,,
2025-04-08,11:00:00,,,Core Inflation (YoY) (Mar),2.48%,2.50%,2.48%
2025-04-08,11:00:00,,,Inflation (YoY) (Mar),1.03%,1.16%,-0.09%
2025-04-08,11:00:00,,,Inflation (MoM) (Mar),1.65%,1.79%,-0.48%
2025-04-14,10:00:00,,,FX Reserves (USD) (Mar),157.10B,,154.50B
2025-04-14,10:00:00,,,Motorbike Sales (YoY) (Mar),-7.20%,,4.00%
2025-04-15,08:00:00,,,Car Sales (YoY) (Mar),-5.10%,,2.20%
2025-04-15,10:00:00,,,Consumer Confidence (Mar),121.1,,126.4
2025-04-16,10:00:00,,,Retail Sales (YoY) (Feb),2.00%,,0.50%
2025-04-18,All Day,,,Indonesia - Good Friday,,,
2025-04-21,11:00:00,,,Export Growth (YoY) (Mar),3.16%,-3.40%,13.86%
2025-04-21,11:00:00,,,Import Growth (YoY) (Mar),5.34%,6.60%,2.30%
2025-04-21,11:00:00,,,Trade Balance (Mar),4.33B,2.64B,3.10B
2025-04-23,14:20:00,,,Loans (YoY) (Mar),9.16%,,10.30%
2025-04-23,14:30:00,,,Interest Rate Decision,5.75%,5.75%,5.75%
2025-04-23,14:30:00,,,Deposit Facility Rate (Apr),5.00%,,5.00%
2025-04-23,14:30:00,,,Lending Facility Rate (Apr),6.50%,,6.50%
2025-04-24,17:00:00,,,M2 Money Supply (YoY) (Mar),6.10%,,6.20%
2025-04-29,12:40:00,,,Foreign Direct Investment (YoY) (Q1),12.70%,,33.30%
2025-05-01,All Day,,,Indonesia - Labor Day,,,
2025-05-02,11:00:00,,,Core Inflation (YoY) (Apr),2.50%,,2.48%
2025-05-02,11:00:00,,,Inflation (YoY) (Apr),1.95%,,1.03%
2025-05-02,11:00:00,,,Inflation (MoM) (Apr),1.17%,,1.65%
2025-05-05,11:00:00,,,GDP (YoY) (Q1),4.87%,4.91%,5.02%
2025-05-05,11:00:00,,,GDP (QoQ) (Q1),-0.98%,-0.89%,0.53%
2025-05-08,10:00:00,,,FX Reserves (USD) (Apr),152.50B,,157.10B
2025-05-08,21:30:00,,,Motorbike Sales (YoY) (Apr),3.00%,,-7.20%
2025-05-09,10:00:00,,,Consumer Confidence (Apr),121.7,,121.1
2025-05-12,All Day,,,Indonesia - Vesak Day,,,
2025-05-13,All Day,,,Indonesia - Vesak Day,,,
2025-05-14,10:00:00,,,Retail Sales (YoY) (Mar),5.50%,,2.00%
2025-05-14,11:00:00,,,Car Sales (YoY) (Apr),5.00%,,-5.10%
2025-05-21,14:20:00,,,Loans (YoY) (Apr),8.88%,,9.16%
2025-05-21,14:30:00,,,Interest Rate Decision,5.50%,5.50%,5.75%
2025-05-21,14:30:00,,,Deposit Facility Rate (May),4.75%,4.75%,5.00%
2025-05-21,14:30:00,,,Lending Facility Rate (May),6.25%,6.25%,6.50%
2025-05-22,11:00:00,,,Balance of Payments (EUR) (Q1),-0.8B,,7.9B
2025-05-22,11:00:00,,,Current Account % of GDP (Q1),-0.10%,,-0.30%
2025-05-23,11:00:00,,,M2 Money Supply (YoY) (Apr),5.20%,,6.10%
2025-05-29,All Day,,,Indonesia - Ascension Day,,,
2025-05-30,All Day,,,Indonesia - Ascension Day,,,
2025-06-02,11:00:00,,,Core Inflation (YoY) (May),2.40%,2.50%,2.50%
2025-06-02,11:00:00,,,Export Growth (YoY) (Apr),5.76%,5.76%,3.16%
2025-06-02,11:00:00,,,Import Growth (YoY) (Apr),21.84%,7.75%,5.34%
2025-06-02,11:00:00,,,Inflation (YoY) (May),1.60%,1.94%,1.95%
2025-06-02,11:00:00,,,Inflation (MoM) (May),-0.37%,-0.01%,1.17%
2025-06-02,11:00:00,,,Trade Balance (Apr),0.15B,3.04B,4.33B
2025-06-06,All Day,,,Indonesia - Eid al-Adha,,,
2025-06-09,All Day,,,Indonesia - Eid al-Adha,,,
2025-06-10,10:00:00,,,FX Reserves (USD) (May),152.50B,,152.50B
2025-06-11,10:00:00,,,Motorbike Sales (YoY) (May),-0.10%,,-3.00%
2025-06-11,13:00:00,,,Car Sales (YoY) (May),-16.10%,,5.00%
2025-06-12,10:00:00,,,Consumer Confidence (May),117.5,,121.7
2025-06-13,10:00:00,,,Retail Sales (YoY) (Apr),-0.30%,,5.50%
2025-06-18,14:30:00,,,Interest Rate Decision,5.50%,5.50%,5.50%
2025-06-18,14:30:00,,,Deposit Facility Rate (Jun),4.75%,4.75%,4.75%
2025-06-18,14:30:00,,,Lending Facility Rate (Jun),6.25%,6.25%,6.25%
2025-06-18,14:30:00,,,Loans (YoY) (May),8.43%,,8.88%
2025-06-23,11:00:00,,,M2 Money Supply (YoY) (May),4.90%,,5.20%
2025-06-27,All Day,,,Indonesia - Islamic New Year (Hijri),,,
2025-07-01,11:00:00,,,Core Inflation (YoY) (Jun),2.37%,2.44%,2.40%
2025-07-01,11:00:00,,,Export Growth (YoY) (May),9.68%,1.00%,5.76%
2025-07-01,11:00:00,,,Import Growth (YoY) (May),4.14%,-0.10%,21.84%
2025-07-01,11:00:00,,,Inflation (YoY) (Jun),1.87%,1.83%,1.60%
2025-07-01,11:00:00,,,Inflation (MoM) (Jun),0.19%,0.15%,-0.37%
2025-07-01,11:00:00,,,Trade Balance (May),4.30B,2.40B,0.15B
2025-07-07,10:00:00,,,FX Reserves (USD) (Jun),152.60B,,152.50B
2025-07-07,12:25:00,,,Motorbike Sales (YoY) (Jun),-0.30%,,-0.10%
2025-07-08,10:00:00,,,Consumer Confidence (Jun),117.8,,117.5
2025-07-09,10:00:00,,,Retail Sales (YoY) (May),1.90%,,-0.30%
2025-07-09,11:00:00,,,Car Sales (YoY) (Jun),-22.60%,,-16.10%
2025-07-16,14:30:00,,,Interest Rate Decision,5.25%,5.25%,5.50%
2025-07-16,14:30:00,,,Deposit Facility Rate (Jul),4.50%,4.50%,4.75%
2025-07-16,14:30:00,,,Lending Facility Rate (Jul),6.00%,6.00%,6.25%
2025-07-16,14:30:00,,,Loans (YoY) (Jun),7.77%,,8.43%
2025-07-22,10:00:00,,,M2 Money Supply (YoY) (Jun),6.50%,,4.90%
2025-07-29,10:00:00,,,Foreign Direct Investment (YoY) (Q2),-7.00%,,12.70%
2025-08-01,09:00:00,,,Core Inflation (YoY) (Jul),2.32%,2.37%,2.37%
2025-08-01,09:00:00,,,Export Growth (YoY) (Jun),11.29%,12.20%,9.68%
2025-08-01,09:00:00,,,Import Growth (YoY) (Jun),4.28%,6.50%,4.14%
2025-08-01,09:00:00,,,Inflation (YoY) (Jul),2.37%,2.24%,1.87%
2025-08-01,09:00:00,,,Inflation (MoM) (Jul),0.30%,0.21%,0.19%
2025-08-01,09:00:00,,,Trade Balance (Jun),4.11B,3.55B,4.30B
2025-08-05,11:00:00,,,GDP (YoY) (Q2),5.12%,4.80%,4.87%
2025-08-05,11:00:00,,,GDP (QoQ) (Q2),4.04%,3.70%,-0.98%
2025-08-07,10:00:00,,,FX Reserves (USD) (Jul),152.00B,,152.60B
2025-08-08,08:00:00,,,Motorbike Sales (YoY) (Jul),-2.00%,,-0.30%
2025-08-08,10:00:00,,,Consumer Confidence (Jul),118.1,,117.8
2025-08-11,10:00:00,,,Retail Sales (YoY) (Jun),1.30%,,1.90%
2025-08-11,17:00:00,,,Car Sales (YoY) (Jul),-18.40%,,-22.60%
2025-08-18,All Day,,,Indonesia - Independence Day,,,
2025-08-20,14:30:00,,,Interest Rate Decision,5.00%,5.25%,5.25%
2025-08-20,14:30:00,,,Deposit Facility Rate (Aug),4.25%,4.50%,4.50%
2025-08-20,14:30:00,,,Lending Facility Rate (Aug),5.75%,6.00%,6.00%
2025-08-20,14:30:00,,,Loans (YoY) (Jul),7.03%,,7.77%
2025-08-21,10:00:00,,,Balance of Payments (EUR) (Q2),-6.7B,,-0.8B
2025-08-21,10:00:00,,,Current Account % of GDP (Q2),-0.80%,,-0.10%
2025-08-22,11:00:00,,,M2 Money Supply (YoY) (Jul),6.50%,,6.40%
